"sgRNA","gene","logFC","logCPM","LR","PValue","FDR"
"PTH2_CCDS12763.1_ex0_19:49925884-49925907:-_5-2","PTH2",-4.28222623487197,1.65416186154353,63.7928879422072,1.3821164321078e-15,1.22463808583344e-10
"RPS8_CCDS513.1_ex2_1:45242372-45242395:-_5-1","RPS8",-4.1533660763951,1.18689757647158,58.1911230661941,2.37849901036536e-14,1.05374641656217e-09
"HIST1H2AK_CCDS4632.1_ex0_6:27805983-27806006:-_5-4","HIST1H2AK",-3.36368455452694,2.10147315020361,54.8267270280836,1.31638376126655e-13,3.88798331835946e-09
"ABCE1_CCDS34071.1_ex3_4:146030281-146030304:+_5-3","ABCE1",-4.2793935169084,1.29090153786572,54.2444692861004,1.77034729543593e-13,3.9215848114849e-09
"SRP9_CCDS44323.1_ex2_1:225974567-225974590:+_4-2","SRP9",-5.47706244353826,0.590732903832739,53.4800144611199,2.61236969852964e-13,4.62943259015834e-09
"HIST1H2AJ_CCDS4628.1_ex0_6:27782384-27782407:-_4-3","HIST1H2AJ",-3.57958476720089,2.47315875498762,52.7504213417891,3.78742082955497e-13,5.59313683372579e-09
"TUBA1C_CCDS8782.1_ex2_12:49663731-49663754:-_5-3","TUBA1C",-3.34026616051661,1.93903754247158,50.1696614129953,1.41011159563379e-12,1.78491925775325e-08
"RGPD6_CCDS42729.1_ex10_2:111307151-111307174:-_1-1","RGPD6",-3.74072722438377,1.46782410178329,48.5579786289751,3.20667062739971e-12,3.55162822014223e-08
"IQCJ_CCDS46946.1_ex3_3:158980377-158980400:-_9-5","IQCJ",-4.05080962347966,0.892473259239969,47.8383098587141,4.62858707565397e-12,3.8483085661724e-08
"RPS3_CCDS58161.1_ex2_11:75112710-75112733:-_5-2","RPS3",-3.28660394432112,1.95171313838353,47.7388071443501,4.86956436981496e-12,3.8483085661724e-08
"RPL8_CCDS6433.1_ex4_8:146017403-146017426:-_5-5","RPL8",-3.67600987435062,1.26728337743406,47.6910483008972,4.98964766293976e-12,3.8483085661724e-08
"KAT8_CCDS10706.1_ex0_16:31129184-31129207:-_5-1","KAT8",-3.76823064546947,2.55448468728003,47.6056510066424,5.21180312778692e-12,3.8483085661724e-08
"RPL37A_CCDS2404.1_ex2_2:217364689-217364712:+_4-3","RPL37A",-3.60742024954993,1.46880428272158,46.40481917771,9.61786704973699e-12,6.55539021391535e-08
"HIST1H2BE_CCDS4588.1_ex0_6:26184161-26184184:+_3-2","HIST1H2BE",-5.37483914415062,0.708335705898242,45.9710093037628,1.20015925270933e-11,7.59580791039732e-08
"PSMB2_CCDS394.1_ex2_1:36074935-36074958:+_5-2","PSMB2",-3.49375649749048,2.03788059184532,45.4763767829052,1.54490943560558e-11,9.12588303008452e-08
"SF1_CCDS31599.1_ex7_11:64537023-64537046:-_5-2","SF1",-4.5152783406258,0.176734229030668,45.2143572549656,1.76605621314067e-11,9.32962097613896e-08
"RPL15_CCDS2640.1_ex1_3:23959941-23959964:+_5-3","RPL15",-3.61425539952685,1.72308740099873,45.1879986075691,1.78998664418168e-11,9.32962097613896e-08
"HIST1H2BF_CCDS4592.1_ex0_6:26199935-26199958:-_3-1","HIST1H2BF",-3.41748412767106,1.98634350777285,45.0663306125049,1.90472223036928e-11,9.37610099689448e-08
"HIST1H2BJ_CCDS4618.1_ex0_6:27100302-27100325:-_4-1","HIST1H2BJ",-4.26149114555167,0.907141444037844,44.8575424554735,2.11903063822048e-11,9.88204361737705e-08
"SF3A3_CCDS428.1_ex15_1:38455218-38455241:+_5-5","SF3A3",-3.77986268439193,1.6850162710238,44.455435239902,2.602135451539e-11,1.15282406909532e-07
"HIST1H2AL_CCDS4634.1_ex0_6:27833302-27833325:+_5-4","HIST1H2AL",-4.46950423649923,0.890829891474146,44.3280511318822,2.77708244648723e-11,1.17174365358785e-07
"HIST1H2BD_CCDS4587.1_ex0_6:26158535-26158558:+_5-2","HIST1H2BD",-5.72164895309806,0.31418113737585,44.0343222335907,3.22667981723716e-11,1.29955996311871e-07
"SPRR2G_CCDS30868.1_ex0_1:153122429-153122452:-_4-2","SPRR2G",-2.66328421828045,2.58000863118706,43.4974483483907,4.24512571880571e-11,1.63540699756738e-07
"HIST1H2BH_CCDS4601.1_ex0_6:26252082-26252105:+_4-4","HIST1H2BH",-3.93843257944389,1.5784721684468,43.0211381810626,5.41516095543849e-11,1.99923229840659e-07
"RPLP0_CCDS9193.1_ex4_12:120636986-120637009:-_5-4","RPLP0",-2.97617103829062,2.0671786882801,42.7320720129537,6.27745786357882e-11,2.22488172584106e-07
"FCF1_CCDS9832.1_ex3_14:75182796-75182819:-_5-3","FCF1",-6.56828539307155,-3.9954168270663,42.5816352716508,6.77929043153733e-11,2.31033003067999e-07
"INTS9_CCDS34873.1_ex12_8:28695156-28695179:-_5-4","INTS9",-3.87121700525948,1.16486605077252,42.4576325050319,7.22299964308141e-11,2.37037446805508e-07
"CDC20_CCDS484.1_ex1_1:43825220-43825243:-_5-3","CDC20",-4.60284380871546,0.535888333150994,42.1776952865915,8.33452073525629e-11,2.63745908667185e-07
"SRP19_CCDS4108.1_ex1_5:112198245-112198268:-_6-1","SRP19",-3.14654276222326,2.15269500213783,41.6442530634504,1.09486754607406e-10,3.3452356478427e-07
"ZNF335_CCDS13389.1_ex18_20:44590740-44590763:+_5-2","ZNF335",-3.97004475118928,0.584349532393037,41.4057631374735,1.23692185684132e-10,3.65328993490939e-07
"SRP54_CCDS53893.1_ex6_14:35482574-35482597:+_5-4","SRP54",-3.98007413860304,1.00675285498466,41.1595912366764,1.4029313964992e-10,3.89392648965842e-07
"POLR2I_CCDS12487.1_ex4_19:36605559-36605582:-_5-5","POLR2I",-3.70316039823407,1.47215178756172,41.1549189073637,1.40628905118242e-10,3.89392648965842e-07
"HIST1H2AD_CCDS4591.1_ex0_6:26199260-26199283:+_4-1","HIST1H2AD",-3.25878399416694,1.87460090075967,40.2265169211114,2.26157567963245e-10,5.78452127027835e-07
"SART3_CCDS9117.1_ex12_12:108932759-108932782:-_5-2","SART3",-3.44395832331262,2.44381599532233,40.1721855030193,2.32535610684791e-10,5.78452127027835e-07
"RPL8_CCDS6433.1_ex3_8:146017182-146017205:+_5-3","RPL8",-3.31938322857692,1.75148110604794,40.1532551459853,2.34799916634231e-10,5.78452127027835e-07
"RPS29_CCDS32072.1_ex1_14:50052743-50052766:-_4-4","RPS29",-3.5736259342765,1.28173303313946,40.1514160690593,2.35021065988782e-10,5.78452127027835e-07
"MCM2_CCDS3043.1_ex4_3:127324973-127324996:-_5-3","MCM2",-3.34632021317036,1.41052493421251,40.0543083951689,2.46999358378988e-10,5.91503382392664e-07
"RPS19_CCDS12588.1_ex2_19:42373103-42373126:-_5-4","RPS19",-3.5666908109668,2.05620509684504,39.9190152844624,2.64713576171055e-10,6.17242398163487e-07
"PSMD11_CCDS11272.1_ex5_17:30796103-30796126:-_5-4","PSMD11",-3.4098383013887,1.3754262135492,39.5564353943509,3.18714410845894e-10,7.2410279711311e-07
"RPS19_CCDS12588.1_ex1_19:42365186-42365209:+_5-1","RPS19",-5.24964534420575,-0.332829510908038,39.3722191107963,3.50244669757429e-10,7.60473254401938e-07
"PSMB2_CCDS394.1_ex3_1:36096908-36096931:+_5-4","PSMB2",-3.83725233350868,1.13591623609303,39.3453602418625,3.55095630595402e-10,7.60473254401938e-07
"POLR2L_CCDS7720.1_ex0_11:840418-840441:+_4-1","POLR2L",-4.0195644018666,1.04545424796884,39.3160245711493,3.60470811061118e-10,7.60473254401938e-07
"RPL13_CCDS10979.1_ex1_16:89627630-89627653:-_5-1","RPL13",-3.75905981499905,0.732548682833921,38.7411140720872,4.83908144024261e-10,9.97143372311946e-07
"SMR3B_CCDS3540.1_ex1_4:71255463-71255486:-_5-4","SMR3B",-5.48884131625577,-0.69751263140561,38.6816076709883,4.9888795053082e-10,1.00464694874395e-06
"USP39_CCDS33234.1_ex3_2:85850856-85850879:-_5-1","USP39",-4.60419410096449,0.0681710202059393,38.5324559476039,5.3850669850814e-10,1.06033165617805e-06
"PSMA7_CCDS13489.1_ex4_20:60714932-60714955:+_5-5","PSMA7",-3.5686580299964,1.16266978239569,38.4042181634356,5.75079608756578e-10,1.10772834377142e-06
"ABCE1_CCDS34071.1_ex8_4:146038520-146038543:-_5-5","ABCE1",-4.32657656341469,0.597098867085165,37.9594236994341,7.22313363171612e-10,1.33682168395243e-06
"C2orf57_CCDS2487.1_ex0_2:232457793-232457816:+_5-2","C2orf57",-5.24787088532367,-1.01389731675583,37.9543655816224,7.24188439041561e-10,1.33682168395243e-06
"RPL13A_CCDS12768.1_ex2_19:49993474-49993497:+_5-1","RPL13A",-3.4464053444753,1.01747427728559,37.9093065378992,7.41108668476333e-10,1.34013621793906e-06
"CDC45_CCDS13762.1_ex8_22:19486628-19486651:-_5-4","CDC45",-4.21719571155055,0.246320349766277,37.6264695065565,8.56739610030502e-10,1.51824539772725e-06
"BIRC5_CCDS11755.1_ex1_17:76210747-76210770:+_5-2","BIRC5",-3.37204140728455,2.11516992542575,37.2900127186446,1.01804630259077e-09,1.76872569975212e-06
"COMMD6_CCDS9452.1_ex1_13:76101971-76101994:+_5-1","COMMD6",-3.16904717997356,1.50402026208055,37.0891574274431,1.12849474268125e-09,1.92291163788489e-06
"IK_CCDS47280.1_ex8_5:140035480-140035503:-_5-3","IK",-3.64045163975816,0.954175061131912,36.8435695336985,1.27997568319211e-09,2.13987783745132e-06
"EIF4A3_CCDS11767.1_ex11_17:78120594-78120617:+_5-4","EIF4A3",-4.07610666060902,0.90616662496093,36.6437208543473,1.41815083635498e-09,2.32697542603832e-06
"EEF2_CCDS12117.1_ex10_19:3982396-3982419:-_5-2","EEF2",-3.46443616049982,1.9954664430332,36.5844995320786,1.46189576206799e-09,2.35514065261447e-06
"RPL23_CCDS11330.1_ex2_17:37008915-37008938:-_5-4","RPL23",-4.00522126795672,1.22040874356777,36.5458657833375,1.49115895097384e-09,2.35938625017837e-06
"RPS20_CCDS55231.1_ex2_8:56986252-56986275:-_5-2","RPS20",-3.78468372218921,0.745828564785555,36.4854233757649,1.53812222138803e-09,2.3909975008475e-06
"RPL13_CCDS10979.1_ex1_16:89627760-89627783:-_5-5","RPL13",-3.7963472984488,1.50705364217483,36.1860926259958,1.79345888172273e-09,2.73984858058491e-06
"RPL36_CCDS12147.1_ex1_19:5691388-5691411:-_5-4","RPL36",-4.1250171703736,0.844607234271826,36.1168902869076,1.85829156810098e-09,2.77393144157431e-06
"ERH_CCDS9794.1_ex1_14:69853671-69853694:+_5-2","ERH",-3.40247136190841,1.14716022817692,36.0959361288886,1.87838167273614e-09,2.77393144157431e-06
"POLR2H_CCDS3264.1_ex4_3:184085962-184085985:+_9-8","POLR2H",-3.2625164663069,1.30181367939915,35.7090824814351,2.29093453600634e-09,3.32522030989284e-06
"UBA1_CCDS14275.1_ex7_X:47061589-47061612:+_5-5","UBA1",-3.45135676509119,1.50433950961251,35.6767327177546,2.32929455542297e-09,3.32522030989284e-06
"RPL18_CCDS12726.1_ex4_19:49120562-49120585:+_5-5","RPL18",-3.92666830306828,0.678565315771061,35.6476953801829,2.36427419726936e-09,3.32522030989284e-06
"ANAPC2_CCDS7033.1_ex10_9:140080701-140080724:+_5-2","ANAPC2",-3.59317304165992,1.82166076955476,35.4804021838694,2.57629657407982e-09,3.5125080766439e-06
"HIST1H2AH_CCDS4622.1_ex0_6:27115077-27115100:+_5-4","HIST1H2AH",-4.48912710088249,0.604037932662253,35.4800806022158,2.57672194864742e-09,3.5125080766439e-06
"HSPA9_CCDS4208.1_ex12_5:137904699-137904722:-_5-3","HSPA9",-2.77557758098572,2.88709746862065,35.3298142940481,2.78338422554738e-09,3.73673549528562e-06
"RPL14_CCDS33739.1_ex3_3:40502959-40502982:-_5-5","RPL14",-3.02983009306525,2.14185697504377,35.2499937219978,2.8998303127887e-09,3.83496066708889e-06
"RANGAP1_CCDS14012.1_ex9_22:41653939-41653962:+_5-2","RANGAP1",-2.84598681311475,2.31181605458229,35.1787087437696,3.00794218259246e-09,3.9194371328057e-06
"RPL27A_CCDS7790.1_ex2_11:8705551-8705574:+_5-1","RPL27A",-3.25201204434096,1.27005921607048,35.0700203439616,3.18060021398264e-09,4.08435163130646e-06
"PSMD2_CCDS3258.1_ex6_3:184020487-184020510:+_5-4","PSMD2",-3.11822630442705,1.49743340311781,34.7059241818199,3.83462886316507e-09,4.85387321499435e-06
"SNRNP25_CCDS10396.1_ex3_16:106540-106563:-_5-5","SNRNP25",-3.51251138536266,1.23619061223656,34.6063781350524,4.03581768163973e-09,4.93013151566561e-06
"RAD51_CCDS10062.1_ex4_15:41010996-41011019:+_5-5","RAD51",-3.2479309338014,1.53449709429887,34.6063323742941,4.0359125564204e-09,4.93013151566561e-06
"POLD1_CCDS12795.1_ex6_19:50905967-50905990:+_5-4","POLD1",-2.98195951315902,1.9927206590159,34.5701230463884,4.11168903990505e-09,4.93013151566561e-06
"PRPF38A_CCDS567.1_ex2_1:52874234-52874257:+_5-2","PRPF38A",-3.85030337443138,1.27138133731087,34.5674031627855,4.11743823397123e-09,4.93013151566561e-06
"HIST2H2AA3_CCDS934.1_ex0_1:149814054-149814077:+_5-1","HIST2H2AA3",-2.69867137055029,2.55977984767698,34.5210605231038,4.21664213049287e-09,4.98159723485935e-06
"EFTUD2_CCDS11489.1_ex13_17:42941068-42941091:-_5-2","EFTUD2",-2.80452678402485,2.08312346992714,34.456694639983,4.3584112146253e-09,5.05237080673063e-06
"FAM86A_CCDS10529.1_ex3_16:5140481-5140504:+_5-2","FAM86A",-2.96752321596256,1.98521447296332,34.4423773108075,4.39058926165563e-09,5.05237080673063e-06
"CCT3_CCDS1140.2_ex8_1:156294799-156294822:-_5-4","CCT3",-3.77171646036892,0.890350506746851,34.4128988806311,4.45759289416703e-09,5.06371123052005e-06
"NDC80_CCDS11827.1_ex4_18:2579006-2579029:+_5-4","NDC80",-4.59758647956055,0.589416308676372,34.3239992117814,4.66592407700476e-09,5.2332768198365e-06
"HIST2H3C_CCDS30848.1_ex0_1:149812587-149812610:+_4-3","HIST2H3C",-2.45411621281509,2.52277988761734,34.0813419390461,5.28556547157518e-09,5.85416017717988e-06
"SF3B5_CCDS5204.1_ex0_6:144416451-144416474:+_5-1","SF3B5",-4.36522315133919,0.315928070920616,33.9687578340058,5.60041490270623e-09,6.11186726328464e-06
"LCE1F_CCDS1023.1_ex0_1:152748946-152748969:-_3-1","LCE1F",-2.77432485673619,1.85143513010956,33.9494736893614,5.65619840179379e-09,6.11186726328464e-06
"LSM6_CCDS3767.1_ex1_4:147108411-147108434:+_5-2","LSM6",-3.19005556963743,1.45865898761742,33.7876807191107,6.14668693662935e-09,6.56184750249374e-06
"VPS28_CCDS34967.1_ex3_8:145650387-145650410:+_5-1","VPS28",-3.16312921949528,1.43706603410217,33.7136839929758,6.3849957159709e-09,6.6771365316906e-06
"EIF2S1_CCDS9781.1_ex3_14:67847441-67847464:+_5-4","EIF2S1",-4.07069423439173,0.939761693775444,33.7074783080009,6.40539698433177e-09,6.6771365316906e-06
"SLU7_CCDS4352.1_ex11_5:159840601-159840624:+_5-1","SLU7",-2.79881080677968,2.39332199804218,33.5912506611962,6.79979009963564e-09,6.97186766338428e-06
"POLR2A_CCDS32548.1_ex16_17:7406435-7406458:-_5-4","POLR2A",-4.80782800325388,-0.974831377466924,33.5782185432073,6.8455012833717e-09,6.97186766338428e-06
"RPL18A_CCDS12367.1_ex2_19:17972904-17972927:+_5-2","RPL18A",-3.91567728621349,0.988257532387751,33.5062802919259,7.10342531210758e-09,7.1523420818705e-06
"RPL18A_CCDS12367.1_ex2_19:17972919-17972942:-_5-3","RPL18A",-3.47247583703056,1.71105103941993,33.3035459884268,7.88387509002689e-09,7.84897344075194e-06
"RPL34_CCDS3680.1_ex1_4:109543338-109543361:+_5-3","RPL34",-4.32707788345852,-0.217420730927914,33.2710306894297,8.01680443674661e-09,7.89263304358189e-06
"RAN_CCDS9271.1_ex2_12:131357655-131357678:+_5-3","RAN",-5.99678745892252,-2.68488238617535,33.2326458098369,8.17662202434822e-09,7.96151396801536e-06
"RPL37A_CCDS2404.1_ex1_2:217364084-217364107:-_4-1","RPL37A",-3.29562928135696,1.45528774651458,33.0826823674635,8.83218795711573e-09,8.50635702313257e-06
"EIF2B4_CCDS33164.1_ex6_2:27590961-27590984:+_5-3","EIF2B4",-3.06023716132371,1.89939665159788,33.0259668993879,9.09361921883879e-09,8.66397015596161e-06
"SNRPD3_CCDS13828.1_ex1_22:24963947-24963970:-_5-3","SNRPD3",-3.96981823889164,0.443916491138181,32.9424560127336,9.49273890037995e-09,8.94801726603262e-06
"HNRNPK_CCDS6667.1_ex12_9:86591958-86591981:-_5-5","HNRNPK",-4.3239921931626,-0.0676924598478547,32.7791608709328,1.03245766407635e-08,9.62967829296309e-06
"ZNF680_CCDS34644.1_ex2_7:64004692-64004715:-_7-7","ZNF680",-6.08343153097859,-3.19846685216069,32.7168151548432,1.06610942815412e-08,9.8399679157317e-06
"MED28_CCDS33963.1_ex1_4:17621552-17621575:+_5-3","MED28",-2.62922016790306,2.45567069666381,32.6592288332538,1.09816748960912e-08,1.00313637715779e-05
"SNRPD3_CCDS13828.1_ex1_22:24963996-24964019:+_5-5","SNRPD3",-4.86129869005228,-0.00206119952962704,32.5080559298442,1.18699473198384e-08,1.07321280838939e-05
"SNRPB_CCDS13026.1_ex4_20:2446398-2446421:-_5-4","SNRPB",-3.81878779276621,1.57591936031948,32.3464032638065,1.28995754834987e-08,1.15452503564736e-05
"RBX1_CCDS14009.1_ex1_22:41349556-41349579:+_5-1","RBX1",-3.35866803304263,1.15710843769545,32.2658242391417,1.34457576581034e-08,1.18313825921039e-05
"SRSF7_CCDS33183.1_ex5_2:38976821-38976844:-_5-4","SRSF7",-3.27517849688369,1.71146954782434,32.2599701834623,1.34863287114021e-08,1.18313825921039e-05
"LRR1_CCDS9686.1_ex0_14:50065886-50065909:-_5-1","LRR1",-2.74627209215753,2.03633599158627,32.2028593973545,1.38886207510488e-08,1.20648542183082e-05
"PLK1_CCDS10616.1_ex0_16:23690579-23690602:-_5-2","PLK1",-2.81440388358631,1.73973761181821,32.1782582753223,1.40655960289479e-08,1.20999631236986e-05
"PHB_CCDS11548.1_ex4_17:47489150-47489173:-_5-4","PHB",-2.51131174745764,3.57565166534813,32.0337335616031,1.5151849877149e-08,1.29090847136025e-05
"KPNB1_CCDS11513.1_ex9_17:45745679-45745702:+_5-3","KPNB1",-3.59251322551962,1.08009428675465,31.9447249182695,1.58622543312079e-08,1.33052608730239e-05
"SMU1_CCDS6534.1_ex9_9:33071723-33071746:+_5-5","SMU1",-4.01623164793465,0.835542113034385,31.9380102926656,1.59171800164835e-08,1.33052608730239e-05
"PSMA2_CCDS5467.1_ex5_7:42966146-42966169:-_5-3","PSMA2",-4.26789708917864,0.474246805179408,31.8924923495992,1.62945738320499e-08,1.34934299903048e-05
"CDK1_CCDS44408.1_ex1_10:62544597-62544620:+_5-2","CDK1",-5.74483326813589,-2.5112742392411,31.8116762466663,1.69868482878143e-08,1.39364507350933e-05
"UBL5_CCDS12219.1_ex1_19:9939295-9939318:+_3-1","UBL5",-4.86193811985463,-0.44482657708945,31.7642016784492,1.74071755225982e-08,1.41502770124343e-05
"RPL15_CCDS2640.1_ex0_3:23959478-23959501:-_5-1","RPL15",-3.35101217762348,1.53183319882717,31.64544723967,1.85047906818144e-08,1.49057771195714e-05
"INTS2_CCDS45750.1_ex17_17:59984774-59984797:-_5-2","INTS2",-2.47094707368729,2.63225062794211,31.5457271349608,1.94798543177263e-08,1.55498375826708e-05
"RPS24_CCDS44443.1_ex2_10:79795273-79795296:+_7-1","RPS24",-3.29308500233205,1.41462368289668,31.4800386791881,2.01501096702569e-08,1.58511430104892e-05
"TXNL4A_CCDS32852.1_ex2_18:77748289-77748312:-_5-5","TXNL4A",-3.59771101936465,1.4173530360094,31.4686788705533,2.02683411403573e-08,1.58511430104892e-05
"ANKLE2_CCDS41869.1_ex9_12:133324722-133324745:-_5-3","ANKLE2",-4.2597181082802,0.809407514649683,31.4566784603474,2.03939947994016e-08,1.58511430104892e-05
"XAB2_CCDS32892.1_ex16_19:7692699-7692722:-_5-4","XAB2",-4.22464387352696,0.490919329893498,31.4282526857251,2.06947570515751e-08,1.58525504074043e-05
"MFAP1_CCDS10105.1_ex7_15:44109574-44109597:-_5-4","MFAP1",-2.80600143776465,2.07522704089077,31.4227372248544,2.0753626698631e-08,1.58525504074043e-05
"BUD31_CCDS5663.1_ex1_7:99013807-99013830:-_5-2","BUD31",-5.0663184428654,-0.207732618323067,31.3969089374073,2.10315466532571e-08,1.59275318184487e-05
"PRIM1_CCDS44926.1_ex12_12:57145981-57146004:-_5-5","PRIM1",-2.95143343800114,1.75034433986807,31.2098684734533,2.31585800951228e-08,1.7389738541597e-05
"POLR2C_CCDS10782.1_ex1_16:57496940-57496963:+_5-1","POLR2C",-3.42498518520023,1.03773402509806,30.9336422906932,2.67003020779619e-08,1.98807308060495e-05
"HIST1H2BC_CCDS4584.1_ex0_6:26123971-26123994:-_4-3","HIST1H2BC",-5.90569248196147,-0.200884394869535,30.8832074888829,2.74032692567857e-08,2.02341172980563e-05
"UBL5_CCDS12219.1_ex1_19:9939320-9939343:-_3-2","UBL5",-5.0501238475511,-0.873305778051239,30.843135490613,2.79749927145711e-08,2.04855554088205e-05
"RPA1_CCDS11014.1_ex3_17:1747887-1747910:+_5-2","RPA1",-3.79037164559787,1.07610768796002,30.6416658606753,3.10356832104557e-08,2.25405552995544e-05
"EFTUD2_CCDS11489.1_ex15_17:42945173-42945196:-_5-4","EFTUD2",-4.29137603220776,0.343525516341699,30.5371729285374,3.27530225679587e-08,2.35944253468012e-05
"CDC23_CCDS4200.2_ex14_5:137548733-137548756:+_5-4","CDC23",-3.78721424047283,1.28756043599701,30.4839555823543,3.36639148133125e-08,2.40550389995836e-05
"SNRPA1_CCDS10391.1_ex4_15:101827198-101827221:-_5-1","SNRPA1",-6.09077067692888,-4.3116340927189,30.3541159184389,3.59942401937423e-08,2.55144451728538e-05
"RPS9_CCDS12884.1_ex2_19:54710315-54710338:-_5-5","RPS9",-2.78277343624361,1.98645570990757,30.3356309268576,3.6338893754527e-08,2.55543176191557e-05
"RPS12_CCDS5164.1_ex1_6:133136162-133136185:+_5-1","RPS12",-3.80620469505205,0.837189686187206,30.2423770874412,3.81286863469667e-08,2.66018140351129e-05
"LRR1_CCDS9686.1_ex0_14:50065910-50065933:-_5-2","LRR1",-3.57882210359317,1.15557393482881,30.1893122364689,3.91862973672115e-08,2.71261020665558e-05
"LCE2D_CCDS1018.1_ex0_1:152636716-152636739:+_2-2","LCE2D",-2.95482722692984,1.7879019914353,30.1531132296145,3.99245773223188e-08,2.74229232420262e-05
"SNRNP200_CCDS2020.1_ex27_2:96957159-96957182:+_5-1","SNRNP200",-4.03856381104996,0.601563204272147,30.0956289414415,4.11257132386544e-08,2.80306534401862e-05
"NRF1_CCDS5813.2_ex1_7:129311367-129311390:+_5-3","NRF1",-3.26582511670022,1.26055871703411,30.0631197207503,4.18209523481434e-08,2.82869259828977e-05
"XAB2_CCDS32892.1_ex12_19:7689309-7689332:-_5-1","XAB2",-3.69061260065275,0.749438452613426,30.008854419194,4.30077969630881e-08,2.88693095281165e-05
"CLP1_CCDS44600.1_ex0_11:57427049-57427072:+_5-1","CLP1",-3.70930067259276,0.542723666032933,29.9861972096119,4.35132680150617e-08,2.89889971860342e-05
"SF3B3_CCDS10894.1_ex3_16:70566489-70566512:-_5-1","SF3B3",-3.18936182622154,1.12159463939731,29.9482726256099,4.43727012349669e-08,2.93409519822797e-05
"TRRAP_CCDS5659.1_ex20_7:98522781-98522804:+_5-2","TRRAP",-3.07069949612814,1.17858890035688,29.8277168428284,4.72192884683439e-08,3.09911820920432e-05
"H2AFX_CCDS8410.1_ex0_11:118965911-118965934:-_5-1","H2AFX",-3.02361881393825,1.32262196743284,29.8134562138206,4.75678934216405e-08,3.09911820920432e-05
"BRF1_CCDS10001.1_ex15_14:105739054-105739077:+_13-8","BRF1",-3.14709651606379,1.53950846478105,29.7420143766402,4.93535112142018e-08,3.18634416441015e-05
"POLR2A_CCDS32548.1_ex13_17:7404924-7404947:-_5-2","POLR2A",-3.98245849708096,-0.2073358757285,29.7293116235697,4.96779648997948e-08,3.18634416441015e-05
"PRPF31_CCDS12879.1_ex5_19:54627210-54627233:+_5-3","PRPF31",-3.38909028017741,1.04599636547166,29.7173463633983,4.99855358387707e-08,3.18634416441015e-05
"EIF3I_CCDS357.1_ex4_1:32691797-32691820:+_5-1","EIF3I",-2.63122177587278,2.2584912774565,29.6465274769631,5.18454231295452e-08,3.28129682986892e-05
"PSMB6_CCDS11056.1_ex1_17:4700035-4700058:-_5-1","PSMB6",-3.38463481584137,1.14754365872684,29.6164190542475,5.26570065660161e-08,3.28583550869941e-05
"POLR2A_CCDS32548.1_ex16_17:7406544-7406567:+_5-5","POLR2A",-3.46170398485171,1.16629378697398,29.6163527089223,5.26588089108319e-08,3.28583550869941e-05
"SMG5_CCDS1137.1_ex15_1:156242109-156242132:-_5-4","SMG5",-3.29844006617156,1.44417679182018,29.5872819434966,5.34545256248694e-08,3.31216202623579e-05
"CDC123_CCDS7090.1_ex4_10:12257774-12257797:+_5-3","CDC123",-3.3586376557067,1.02362729365183,29.4879863733812,5.62643818634886e-08,3.46205681902519e-05
"HIST1H2BH_CCDS4601.1_ex0_6:26252016-26252039:+_4-2","HIST1H2BH",-4.80409580560991,0.0755638135975528,29.4355180304045,5.78084030900112e-08,3.53253197530588e-05
"PRPF8_CCDS11010.1_ex34_17:1582930-1582953:-_5-5","PRPF8",-3.78210714201292,1.8741558536868,29.3980540326058,5.89367936730196e-08,3.5768174932819e-05
"POLD1_CCDS12795.1_ex8_19:50906778-50906801:-_5-5","POLD1",-3.31449983753492,1.03508896231295,29.3580791527783,6.01651582062668e-08,3.62652653607107e-05
"PSMA5_CCDS55619.1_ex3_1:109954527-109954550:+_5-2","PSMA5",-5.86091964211423,-4.13460067455271,29.3321993997476,6.09740479403366e-08,3.65045033229829e-05
"CLP1_CCDS44600.1_ex0_11:57427290-57427313:-_5-3","CLP1",-3.55397581079287,1.29813295470765,29.2575680051155,6.33682432159431e-08,3.76832654925628e-05
"SNRPD2_CCDS33053.1_ex0_19:46190953-46190976:-_5-2","SNRPD2",-4.3206849364013,-0.724434009371614,29.1954623162235,6.54322660919082e-08,3.86512757955975e-05
"EIF4A3_CCDS11767.1_ex9_17:78115629-78115652:-_5-3","EIF4A3",-3.87456619844952,1.0361370487038,29.1729364818751,6.61974241246442e-08,3.88442977615114e-05
"EIF5_CCDS9980.1_ex3_14:103803495-103803518:-_5-3","EIF5",-3.75373477832132,0.83328464035287,29.1542207223899,6.6839975982022e-08,3.89633086306779e-05
"SOWAHC_CCDS33270.1_ex0_2:110372334-110372357:-_5-3","SOWAHC",-3.53293195834632,1.71415836721514,29.0804227147834,6.94351072604475e-08,4.02115497641779e-05
"KRTAP4-6_CCDS54125.1_ex0_17:39296545-39296568:+_3-3","KRTAP4-6",-3.59524196755968,0.532379352743605,29.0590021709284,7.02071023977169e-08,4.03946137341046e-05
"CDC16_CCDS9542.2_ex3_13:115004484-115004507:-_5-2","CDC16",-3.90777965195412,0.898345839680583,28.9924785482272,7.26598696515775e-08,4.15361316796624e-05
"RPS2_CCDS10452.1_ex2_16:2012891-2012914:-_5-3","RPS2",-2.94373913349296,1.65429015430507,28.761320663498,8.18699566085852e-08,4.6480942125242e-05
"PSMD11_CCDS11272.1_ex5_17:30796193-30796216:-_5-5","PSMD11",-3.85926996866261,1.19792247579385,28.7497847971777,8.23590717746314e-08,4.6480942125242e-05
"MARS_CCDS8942.1_ex10_12:57898037-57898060:-_5-5","MARS",-2.47931233823616,2.41347700614848,28.7261308975206,8.33711622169565e-08,4.65623076414033e-05
"SNRPD3_CCDS13828.1_ex1_22:24963977-24964000:+_5-4","SNRPD3",-3.97587000859015,0.689066817321727,28.7218828941214,8.35542391596859e-08,4.65623076414033e-05
"RPL13A_CCDS12768.1_ex4_19:49994109-49994132:-_5-4","RPL13A",-3.86326047448622,0.860736794940021,28.6173729409181,8.81874186690644e-08,4.88370901161945e-05
"SNRNP70_CCDS12756.1_ex6_19:49607979-49608002:-_5-4","SNRNP70",-2.63311818538344,2.60747865313082,28.5786026060431,8.99709265745037e-08,4.95153038513073e-05
"NPIPA5_CCDS59264.1_ex5_16:15463879-15463902:-_2-1","NPIPA5",-3.36360520359849,0.971025475445205,28.5575827231346,9.09529444202103e-08,4.97467690944269e-05
"RPS15_CCDS12067.1_ex2_19:1440031-1440054:+_5-1","RPS15",-3.13002371909395,1.40018024527034,28.5033828400006,9.35349222364177e-08,5.08451246606137e-05
"HIST3H2A_CCDS1573.1_ex0_1:228645325-228645348:-_5-2","HIST3H2A",-3.33359035109946,1.32437575045141,28.4501675473496,9.61414461332108e-08,5.19433474151175e-05
"MEPCE_CCDS55136.1_ex1_7:100030724-100030747:-_10-10","MEPCE",-4.05272230633718,0.877192229977852,28.3796785889936,9.97064492473282e-08,5.35429675273258e-05
"CDC20_CCDS484.1_ex2_1:43825485-43825508:-_5-5","CDC20",-4.33816151185951,0.215532315364486,28.357752476522,1.00842155184501e-07,5.38266265197462e-05
"SSRP1_CCDS7952.1_ex8_11:57099298-57099321:-_5-1","SSRP1",-2.7064663549047,2.37400832343097,28.2918941159745,1.04331960723415e-07,5.5355914442269e-05
"CITED4_CCDS458.1_ex0_1:41327572-41327595:+_5-3","CITED4",-4.46470593083594,-0.335051676517093,28.03011512469,1.19442135327857e-07,6.29957728741675e-05
"RAN_CCDS9271.1_ex2_12:131357636-131357659:+_5-2","RAN",-5.59245329957285,-1.11483732389146,27.9948926329053,1.21636062882346e-07,6.32198872426607e-05
"RPL11_CCDS238.1_ex1_1:24019204-24019227:+_5-1","RPL11",-4.18043199410314,0.197246387354044,27.9853059044429,1.22240158784629e-07,6.32198872426607e-05
"RPS11_CCDS12769.1_ex3_19:50001203-50001226:-_5-4","RPS11",-4.14038899722186,0.350299841351096,27.9822194862477,1.22435284706256e-07,6.32198872426607e-05
"BRF2_CCDS6098.1_ex1_8:37704511-37704534:+_5-2","BRF2",-3.20306364176703,1.60661824163548,27.9755135064702,1.22860318832667e-07,6.32198872426607e-05
"SF3A2_CCDS12084.1_ex2_19:2244734-2244757:+_5-1","SF3A2",-3.73244812805771,1.05670982091873,27.9664906174667,1.23434535956711e-07,6.32198872426607e-05
"PSMA6_CCDS61437.1_ex4_14:35782142-35782165:-_5-5","PSMA6",-3.61405832649567,0.434370317176119,27.9241102866917,1.26167814320208e-07,6.40330278563066e-05
"WDR33_CCDS2150.1_ex16_2:128522508-128522531:+_5-2","WDR33",-3.16645801783654,1.43615274357408,27.9195195536671,1.26467506431321e-07,6.40330278563066e-05
"SNRPD1_CCDS32801.1_ex1_18:19202740-19202763:+_5-1","SNRPD1",-4.90841400828566,-0.527315776014236,27.8254432086407,1.32768562142995e-07,6.65141702210251e-05
"PISD_CCDS13899.1_ex4_22:32017805-32017828:+_5-2","PISD",-2.65791096110124,2.27134423141026,27.8239772704774,1.32869197674214e-07,6.65141702210251e-05
"MED22_CCDS6963.1_ex1_9:136211171-136211194:+_5-2","MED22",-2.25569126881894,2.90301424526386,27.8072331253413,1.34024107906539e-07,6.67153938492519e-05
"ISCU_CCDS44966.1_ex1_12:108958126-108958149:+_5-2","ISCU",-3.51988188575055,0.732788978458094,27.7808054917162,1.35867430970951e-07,6.72551373665481e-05
"RPL13_CCDS10979.1_ex1_16:89627689-89627712:-_5-3","RPL13",-3.62172174437026,1.07338753597802,27.74201853436,1.38618923271165e-07,6.82359350853605e-05
"PHB2_CCDS53741.1_ex6_12:7077713-7077736:+_5-2","PHB2",-3.4107879060202,1.01995376849436,27.7264634726949,1.39738002730569e-07,6.84067705521812e-05
"SF3B3_CCDS10894.1_ex4_16:70569286-70569309:-_5-2","SF3B3",-2.74073082200752,1.36256673404816,27.6849149187894,1.42771725812477e-07,6.95078655897822e-05
"EIF3C_CCDS10638.1_ex2_16:28725243-28725266:-_5-1","EIF3C",-2.69996730939798,1.96370483631874,27.6259953996768,1.47187328317003e-07,7.12660131850076e-05
"HIST1H2AK_CCDS4632.1_ex0_6:27805924-27805947:-_5-1","HIST1H2AK",-4.36667786211342,0.474823364608794,27.5657557517153,1.51843401842219e-07,7.31208503458243e-05
"RPS6_CCDS6492.1_ex3_9:19378720-19378743:-_5-1","RPS6",-4.18415715334301,0.0178877740464221,27.5540052095382,1.52768692061892e-07,7.31687715072219e-05
"BANF1_CCDS8125.1_ex1_11:65771090-65771113:+_5-3","BANF1",-3.39843446241216,1.26327425538764,27.477244164642,1.58953809784445e-07,7.57218347836587e-05
"MAT2A_CCDS1977.1_ex4_2:85769016-85769039:+_5-2","MAT2A",-4.3910471716074,-0.725728449265267,27.4617604447429,1.6023152630096e-07,7.59223241680366e-05
"YRDC_CCDS30675.1_ex4_1:38273461-38273484:+_5-2","YRDC",-2.4732966487335,2.2668053648213,27.239628465914,1.79736687609027e-07,8.47114305440714e-05
"ANAPC11_CCDS11789.1_ex1_17:79857817-79857840:-_9-8","ANAPC11",-3.71013425686533,0.892771961303962,27.2043309077155,1.83048175467723e-07,8.58156964840904e-05
"POLR2F_CCDS13963.1_ex3_22:38363105-38363128:+_5-5","POLR2F",-3.36310302172097,1.80457077454572,27.1787792344386,1.85483430282666e-07,8.64438367535815e-05
"HCFC1_CCDS44020.1_ex25_X:153236130-153236153:-_5-5","HCFC1",-4.42961728096858,0.314210786764485,27.1698797246199,1.86339218788051e-07,8.64438367535815e-05
"HIST2H3D_CCDS41388.1_ex0_1:149785077-149785100:-_3-2","HIST2H3D",-2.69528116405262,1.83136625427377,27.0734475940052,1.95869913818005e-07,9.03919249154069e-05
"PUF60_CCDS47933.1_ex5_8:144900425-144900448:+_5-4","PUF60",-5.08265975968366,0.248870437536088,27.0220517482499,2.01147571057302e-07,9.2346537207789e-05
"CPSF3_CCDS1664.1_ex4_2:9572787-9572810:+_5-3","CPSF3",-2.71874131961066,1.54716284150466,26.9543659276705,2.08316066153244e-07,9.48637492770186e-05
"RPS23_CCDS47241.1_ex1_5:81572285-81572308:+_5-2","RPS23",-5.24049605317433,-3.49842169495561,26.9501424128413,2.08771766122143e-07,9.48637492770186e-05
"C1orf234_CCDS57978.1_ex1_1:23340372-23340395:+_5-4","C1orf234",-2.31303448951942,2.51855668732977,26.8633350556999,2.18362431854486e-07,9.83116547257145e-05
"PRPF19_CCDS7995.1_ex12_11:60670239-60670262:+_5-5","PRPF19",-3.94835711577532,0.971263551540118,26.8614207522783,2.18578831918445e-07,9.83116547257145e-05
"RRM1_CCDS7750.1_ex8_11:4141087-4141110:-_5-4","RRM1",-3.80194993472414,0.3635339225811,26.7818890259384,2.27761950680048e-07,0.000101924623242204
"UBA52_CCDS12382.1_ex1_19:18684479-18684502:-_5-1","UBA52",-2.82365750067092,2.05901757618125,26.7435590412004,2.3232483061308e-07,0.000103444090157299
"MCM3_CCDS4940.2_ex14_6:52147539-52147562:-_5-2","MCM3",-3.58341308655512,1.11659230998001,26.7197233137572,2.35208372806378e-07,0.00010420436540441
"RPL13_CCDS10979.1_ex1_16:89627713-89627736:-_5-4","RPL13",-3.10887158444574,1.30298644863324,26.7021574438886,2.37356349860746e-07,0.00010427205488429
"BIRC5_CCDS11755.1_ex1_17:76210788-76210811:-_5-3","BIRC5",-2.88116242909457,1.80028315387561,26.6992418348853,2.37714771986397e-07,0.00010427205488429
"FAM86B1_CCDS59512.1_ex3_8:12044257-12044280:+_2-2","FAM86B1",-2.81169984637133,1.85075495675907,26.6372052771588,2.45470960162405e-07,0.000106485118722115
"POLR2B_CCDS3511.1_ex5_4:57861534-57861557:-_5-2","POLR2B",-5.91619267202126,-3.50079808527181,26.6335345077947,2.45937770838618e-07,0.000106485118722115
"KRTAP4-11_CCDS45675.1_ex0_17:39274361-39274384:+_4-3","KRTAP4-11",-3.25810482250836,0.673399422989173,26.6301782579221,2.46365362820052e-07,0.000106485118722115
"SNRNP25_CCDS10396.1_ex2_16:105821-105844:-_5-4","SNRNP25",-3.00900302253468,1.39545022745519,26.6113369425891,2.48779648992073e-07,0.000107006648439765
"RPL27_CCDS11449.1_ex1_17:41151965-41151988:-_5-1","RPL27",-3.16545149333159,1.79544977109763,26.5915866863953,2.51335867143751e-07,0.000107583892966856
"MED11_CCDS32533.1_ex1_17:4635143-4635166:+_5-3","MED11",-2.84466851374954,2.17011099335398,26.5764685608697,2.53310336906573e-07,0.000107907767845884
"POLD2_CCDS5477.1_ex7_7:44157212-44157235:-_5-3","POLD2",-3.42652689032147,0.978025002967862,26.3900729587724,2.78970560964848e-07,0.000118270169975365
"DYNC1H1_CCDS9966.1_ex29_14:102476332-102476355:-_5-5","DYNC1H1",-3.59724712458688,0.717724919961113,26.3446125062009,2.85614490409172e-07,0.000120510273986643
"UBTF_CCDS11480.1_ex12_17:42289274-42289297:-_5-2","UBTF",-2.07169923403376,3.14803542568794,26.3072042851169,2.91200400027568e-07,0.000122274794651168
"PCNA_CCDS13087.1_ex5_20:5100238-5100261:-_5-5","PCNA",-4.22678970923953,0.670707133081127,26.2982315069561,2.92556446132853e-07,0.000122274794651168
"RPS24_CCDS44443.1_ex2_10:79795347-79795370:-_7-3","RPS24",-2.70166197680373,1.34664893374628,26.2139339503385,3.0560940288316e-07,0.000127130642027537
"RPS5_CCDS12978.1_ex2_19:58904767-58904790:-_5-5","RPS5",-4.13998959989297,1.132569925257,26.1442290225664,3.16842636352992e-07,0.00013118765718081
"TUBA1B_CCDS31792.1_ex0_12:49522426-49522449:+_5-1","TUBA1B",-2.25263265693667,3.31034516571291,26.123927725721,3.20191436687211e-07,0.000131657298714182
"DTYMK_CCDS2552.1_ex1_2:242618014-242618037:+_5-1","DTYMK",-2.76619126262183,1.6696000239255,26.1193667807322,3.20948654969903e-07,0.000131657298714182
"QARS_CCDS2788.1_ex22_3:49141817-49141840:+_5-4","QARS",-3.2368994190709,1.35094111155162,26.0984906347644,3.24437536018198e-07,0.000132054472457708
"MED30_CCDS6323.1_ex0_8:118533240-118533263:+_5-2","MED30",-3.44891111262926,1.1607639532589,26.0957547110262,3.24897580251679e-07,0.000132054472457708
"LSM4_CCDS12374.1_ex1_19:18420624-18420647:+_6-3","LSM4",-3.56708547423309,1.2714068796999,26.0638622675233,3.3030876271255e-07,0.000133640813830631
"RPA3_CCDS5356.1_ex3_7:7679955-7679978:-_5-5","RPA3",-2.61490896998462,1.78691781951925,26.0337783748631,3.35495867603829e-07,0.000135122485658659
"RANGAP1_CCDS14012.1_ex8_22:41652730-41652753:-_5-1","RANGAP1",-2.55092884103003,2.20188484405287,26.0102744635825,3.396051984641e-07,0.000136158634457512
"RPS9_CCDS12884.1_ex1_19:54705350-54705373:-_5-1","RPS9",-3.51029195586649,1.25252944472005,25.9704927423578,3.4667577686567e-07,0.00013836735984216
"MAL_CCDS2006.1_ex1_2:95713744-95713767:+_15-4","MAL",-2.69404509549947,2.09396544883201,25.9380980599048,3.52542298391426e-07,0.000139831866988353
"CPSF3_CCDS1664.1_ex8_2:9581976-9581999:+_5-5","CPSF3",-3.30009443378944,1.01996153867361,25.932853807335,3.53501322770366e-07,0.000139831866988353
"HIST1H2BG_CCDS4594.1_ex0_6:26216689-26216712:-_5-2","HIST1H2BG",-4.68508382492642,0.112194909087572,25.8959793726238,3.60318856717343e-07,0.000141895167192431
"RPS19_CCDS12588.1_ex1_19:42365259-42365282:+_5-3","RPS19",-3.76529483476967,0.629406108932959,25.8544638618188,3.68152320937114e-07,0.000144338515703336
"EXOSC3_CCDS35016.1_ex3_9:37784833-37784856:-_5-3","EXOSC3",-2.03193850864932,2.90884929745704,25.8340103018447,3.72074201711122e-07,0.000145233509765708
"SF3B5_CCDS5204.1_ex0_6:144416504-144416527:+_5-3","SF3B5",-3.80581791409738,0.868218837099143,25.8201353035743,3.74758487495451e-07,0.000145639695364131
"RPS23_CCDS47241.1_ex2_5:81573518-81573541:-_5-3","RPS23",-3.13685439498843,0.844752810436282,25.7385560633544,3.90938265808207e-07,0.00015126408724979
"NUP214_CCDS6940.1_ex9_9:134014745-134014768:-_5-2","NUP214",-4.5351042478182,-0.532508247306849,25.6664687159255,4.05817381347031e-07,0.000155474359095116
"EIF3I_CCDS357.1_ex5_1:32692053-32692076:+_5-3","EIF3I",-3.27531115292479,1.30033058650275,25.6638626565104,4.06365787676387e-07,0.000155474359095116
"SMU1_CCDS6534.1_ex7_9:33062119-33062142:+_5-3","SMU1",-5.4846505821289,-1.40804141322676,25.6604567933725,4.07083620861644e-07,0.000155474359095116
"CCDC107_CCDS56573.1_ex2_9:35660408-35660431:+_5-5","CCDC107",-3.0305154519244,1.30757111377135,25.6472585456236,4.098773637962e-07,0.00015586950084346
"HNRNPK_CCDS6667.1_ex11_9:86590362-86590385:+_5-4","HNRNPK",-4.03215818481136,1.23624634382191,25.5695227860443,4.26726513451445e-07,0.00016158345919179
"ANAPC10_CCDS43273.1_ex0_4:145916714-145916737:+_5-1","ANAPC10",-3.13268322858221,1.18042675828746,25.5383875575716,4.33668231122701e-07,0.000163513222497268
"LSM4_CCDS12374.1_ex1_19:18420650-18420673:-_6-4","LSM4",-3.40589472494157,0.543589697964445,25.514662299888,4.39033771337839e-07,0.000164834857386273
"EXOSC3_CCDS35016.1_ex3_9:37784815-37784838:-_5-2","EXOSC3",-2.47147814792927,3.28284408562123,25.5039270725192,4.41483396827245e-07,0.000165055180840822
"BRF1_CCDS10001.1_ex15_14:105739088-105739111:+_13-10","BRF1",-3.0589346565619,1.2674493184492,25.4576542735146,4.52199983622569e-07,0.000168351393902779
"CDC123_CCDS7090.1_ex4_10:12257752-12257775:+_5-2","CDC123",-3.45113931654888,0.711182948596985,25.4186778138685,4.61428872751618e-07,0.000171068479912259
"LSM2_CCDS4722.1_ex2_6:31766252-31766275:-_5-5","LSM2",-3.1509191442159,1.27177704438781,25.3964408020267,4.66778531008417e-07,0.000172330743827216
"BIRC5_CCDS11755.1_ex0_17:76210485-76210508:+_5-1","BIRC5",-2.32462525308527,2.38974261488936,25.3445105692533,4.79515041322219e-07,0.000176298380711189
"MMS22L_CCDS5039.1_ex23_6:97730184-97730207:-_5-5","MMS22L",-2.95331355740134,1.40890127515454,25.3096484767637,4.88260276193713e-07,0.0001787718596381
"SARS_CCDS795.1_ex3_1:109772139-109772162:-_5-2","SARS",-3.48501272149093,0.61927186878347,25.2818363661051,4.95351536325383e-07,0.000180029018463758
"POLR2A_CCDS32548.1_ex13_17:7405003-7405026:+_5-3","POLR2A",-4.51426511859502,0.410665223582079,25.2802566428945,4.95757403620035e-07,0.000180029018463758
"RNPC3_CCDS781.1_ex5_1:104078794-104078817:+_5-3","RNPC3",-2.76977812910986,2.11801567968347,25.2428679924924,5.05461342369153e-07,0.000182505119578184
"PSMA5_CCDS55619.1_ex4_1:109954781-109954804:+_5-4","PSMA5",-3.39138743621504,0.313313200002635,25.2381646145,5.06695476787501e-07,0.000182505119578184
"CHMP2A_CCDS12986.1_ex3_19:59063786-59063809:-_5-5","CHMP2A",-3.14049548172125,1.05939793214933,25.2008960859199,5.16581899888487e-07,0.000185312776605341
"LSM2_CCDS4722.1_ex0_6:31765622-31765645:-_5-1","LSM2",-2.71777803602778,1.59434071217985,25.1721212007353,5.24347282880568e-07,0.000187339981237563
"POLR2C_CCDS10782.1_ex4_16:57503147-57503170:-_5-4","POLR2C",-2.58066075233381,2.47279320419157,25.0872220867779,5.47947516947273e-07,0.000194985693520603
"ZMAT2_CCDS4239.1_ex4_5:140084041-140084064:+_5-5","ZMAT2",-2.75269374999017,1.44566688988863,25.0708977975212,5.52605966062766e-07,0.00019585681691583
"LCE5A_CCDS1011.1_ex0_1:152484219-152484242:-_5-4","LCE5A",-3.43964579117185,1.22391684559507,25.0293868161692,5.64631576619854e-07,0.00019932169513139
"MCM7_CCDS5683.1_ex6_7:99695271-99695294:-_5-1","MCM7",-2.97195538936698,1.73362345033733,24.9947285015571,5.7487274197774e-07,0.000202131643554284
"LSM7_CCDS45907.1_ex1_19:2324172-2324195:+_5-4","LSM7",-4.15347517125593,0.219340318620194,24.9475173936153,5.89123425966448e-07,0.00020632359794934
"PHF5A_CCDS14016.1_ex1_22:41863510-41863533:+_5-2","PHF5A",-3.18319254200246,1.18666496252326,24.9151364765865,5.99101869460155e-07,0.000208992205690498
"UBA52_CCDS12382.1_ex2_19:18685692-18685715:-_5-4","UBA52",-3.24638113402447,0.986321753127853,24.8959101485709,6.05106616550011e-07,0.000210259124964825
"GPN2_CCDS289.1_ex4_1:27216176-27216199:-_5-3","GPN2",-3.00096224380478,1.55481306888824,24.8594903643808,6.16647122744973e-07,0.000213432167804457
"UBB_CCDS11177.1_ex0_17:16285406-16285429:+_5-2","UBB",-3.71655135494335,1.76237577072063,24.8373640580194,6.23765885630073e-07,0.000215056031370188
"CDT1_CCDS32510.1_ex4_16:88872245-88872268:-_5-5","CDT1",-2.55429031500585,1.98028760820979,24.8134135145926,6.31564465861993e-07,0.000216900779310728
"EIF3D_CCDS13930.1_ex7_22:36915526-36915549:+_5-3","EIF3D",-2.80289210243889,1.56760024200547,24.7934484926227,6.38139974114097e-07,0.000218312859252331
"ARCN1_CCDS44749.1_ex1_11:118453970-118453993:+_5-1","ARCN1",-3.09835349865339,0.868615580670643,24.7618796329053,6.4867758813312e-07,0.000221064332208166
"CDC27_CCDS11509.1_ex13_17:45234603-45234626:-_5-3","CDC27",-5.3200865425042,-1.71895969107349,24.7314309079071,6.59006571126804e-07,0.000223723893644681
"AURKB_CCDS11134.1_ex3_17:8110124-8110147:-_5-2","AURKB",-2.92388334620916,1.77363747821256,24.7208725801664,6.62626598516994e-07,0.000224094245756476
"CNOT3_CCDS12880.1_ex4_19:54647857-54647880:-_5-3","CNOT3",-2.73099050819222,1.95380020867343,24.6939113754663,6.71961236476183e-07,0.000226096965631894
"DDX54_CCDS31907.1_ex16_12:113617032-113617055:+_5-5","DDX54",-2.96462057004848,0.823183217076956,24.6863569132949,6.74600347520026e-07,0.000226096965631894
"RPLP1_CCDS10233.1_ex1_15:69746001-69746024:-_7-1","RPLP1",-4.03680831144577,0.00391039429254825,24.6765933331966,6.78026603809794e-07,0.000226096965631894
"RPL31_CCDS2049.1_ex0_2:101619261-101619284:-_5-1","RPL31",-3.64421932443564,0.68619229672391,24.6745231712625,6.78755308422497e-07,0.000226096965631894
"SUPT16H_CCDS9569.1_ex12_14:21831087-21831110:+_5-1","SUPT16H",-2.68170584169732,1.51677000614494,24.6262831219891,6.95960130960567e-07,0.000230959712973378
"WDR70_CCDS34147.1_ex6_5:37443361-37443384:-_5-2","WDR70",-3.92426396511466,0.0902892544051461,24.616197920811,6.99611920313704e-07,0.000231305275415359
"RPS10_CCDS4792.1_ex3_6:34392466-34392489:+_5-2","RPS10",-2.28751906596364,2.54035519562975,24.5907973957708,7.08894653553468e-07,0.000233002345054784
"CDC45_CCDS13762.1_ex2_22:19468492-19468515:-_5-1","CDC45",-3.56238701190843,0.405130130857131,24.5877836301717,7.10004211507029e-07,0.000233002345054784
"RPS9_CCDS12884.1_ex2_19:54710291-54710314:-_5-4","RPS9",-3.40260718477137,0.684405998280569,24.5520870042975,7.23279617898767e-07,0.000236483076839624
"CTDP1_CCDS12017.1_ex1_18:77455252-77455275:+_5-2","CTDP1",-3.85012575649531,0.460315462658854,24.5377929893543,7.28665022224355e-07,0.00023736798882063
"ELL_CCDS12380.1_ex11_19:18632741-18632764:+_5-5","ELL",-3.32705730679717,1.29270135500651,24.4977976268249,7.43948255909854e-07,0.00024100779276627
"GINS4_CCDS6116.1_ex2_8:41394790-41394813:+_5-3","GINS4",-3.37684783520018,1.16020942843572,24.4943558525131,7.45278369613322e-07,0.00024100779276627
"RPL23_CCDS11330.1_ex2_17:37008895-37008918:-_5-3","RPL23",-3.61529067138788,0.747240716908344,24.3886915071248,7.87294868135588e-07,0.000252932044132898
"SRSF1_CCDS11600.1_ex2_17:56083855-56083878:-_5-3","SRSF1",-4.03392111564018,0.454495047693241,24.3873058276783,7.878613658294e-07,0.000252932044132898
"HSPA5_CCDS6863.1_ex6_9:128002986-128003009:+_5-3","HSPA5",-2.75972143157749,1.8566884982919,24.3580025505197,7.99937403426468e-07,0.000255881781833955
"SKIV2L2_CCDS3967.1_ex13_5:54648988-54649011:+_5-4","SKIV2L2",-3.39580571424662,0.69261334895817,24.3273259976503,8.12778284133256e-07,0.000259054074258674
"EIF4A3_CCDS11767.1_ex7_17:78113817-78113840:-_5-2","EIF4A3",-3.81703737904206,0.852010070712489,24.319891650754,8.15921213408611e-07,0.000259123709803883
"LSM4_CCDS12374.1_ex1_19:18420599-18420622:+_6-2","LSM4",-3.57957483776622,0.491906270695568,24.2715541352651,8.36655627997557e-07,0.000264759673479827
"PSMB4_CCDS996.1_ex1_1:151372608-151372631:-_5-4","PSMB4",-3.95937089783399,0.786262503251536,24.23228175395,8.53889972718814e-07,0.000269251868052396
"RPA1_CCDS11014.1_ex2_17:1747243-1747266:-_5-1","RPA1",-2.99891863038481,1.14230610765058,24.213048393246,8.62459783070455e-07,0.000269646618276174
"EIF2S2_CCDS13231.1_ex4_20:32685220-32685243:-_5-2","EIF2S2",-4.48390108721965,-0.532292770905579,24.2105020135911,8.63600820137716e-07,0.000269646618276174
"ZNHIT2_CCDS8094.1_ex0_11:64885009-64885032:-_5-5","ZNHIT2",-2.78309704694647,2.04057331604259,24.1995699025732,8.68516742844071e-07,0.000269646618276174
"RPS8_CCDS513.1_ex3_1:45243395-45243418:-_5-4","RPS8",-3.11337152166534,0.811056623984736,24.1965779832259,8.69867025220012e-07,0.000269646618276174
"LCE2C_CCDS1019.1_ex0_1:152648626-152648649:+_2-2","LCE2C",-2.69835683451738,2.09733119758537,24.1954914517473,8.70357908346903e-07,0.000269646618276174
"CPSF3L_CCDS21.1_ex10_1:1250257-1250280:+_5-4","CPSF3L",-3.18958092666475,1.00553894566765,24.1787958666485,8.77935815449644e-07,0.000270506641513043
"POU5F1_CCDS34391.1_ex1_6:31132951-31132974:+_7-1","POU5F1",-2.23141954979408,2.06741115587053,24.1759377388584,8.79239698843829e-07,0.000270506641513043
"DUT_CCDS32231.1_ex2_15:48626619-48626642:+_7-3","DUT",-5.55168298232185,-3.56097243293777,24.1453709413495,8.9330635360397e-07,0.000273883400579354
"TSR2_CCDS14358.1_ex1_X:54467109-54467132:+_5-1","TSR2",-2.95351012049676,1.46114032891098,24.1245644607493,9.03010242484575e-07,0.000275903881191684
"LCE1A_CCDS1028.1_ex0_1:152800115-152800138:+_2-2","LCE1A",-2.5616262812979,1.94218548011132,24.031476773413,9.47736115903912e-07,0.000288574248404749
"RPS18_CCDS4771.1_ex3_6:33243757-33243780:-_5-4","RPS18",-4.15293304633796,-0.446008886064284,23.9664736470632,9.80279110725729e-07,0.000297460996181383
"CHEK1_CCDS58191.1_ex2_11:125499165-125499188:+_5-2","CHEK1",-3.2511924788501,1.2712377293362,23.9234348314999,1.00244023283956e-06,0.000303147506044308
"BPTF_CCDS11672.1_ex0_17:65821930-65821953:+_5-1","BPTF",-2.49557220205977,1.86885656719019,23.9090553382626,1.00995579607905e-06,0.000304381439684967
"TSR2_CCDS14358.1_ex2_X:54469918-54469941:-_5-4","TSR2",-3.50780256226691,0.943925461605014,23.8993534670608,1.01505845869708e-06,0.000304882270479028
"RPL23_CCDS11330.1_ex2_17:37008872-37008895:+_5-2","RPL23",-2.33489136378326,1.97164350806504,23.8492039950605,1.04184952104148e-06,0.0003111801059785
"CHEK1_CCDS58191.1_ex4_11:125503221-125503244:+_5-4","CHEK1",-2.75310370564775,1.99046435422685,23.8469871648223,1.04305003583972e-06,0.0003111801059785
"HIST1H2BG_CCDS4594.1_ex0_6:26216710-26216733:-_5-3","HIST1H2BG",-4.41424719245956,0.140846592303795,23.816061522083,1.05994307710691e-06,0.000315158779497096
"NLE1_CCDS11291.1_ex3_17:33462319-33462342:-_7-1","NLE1",-2.39547474033386,3.05646095929215,23.7653112724821,1.08826192257573e-06,0.000322496775624564
"RUVBL2_CCDS42588.1_ex7_19:49513294-49513317:-_5-5","RUVBL2",-2.53414333506002,2.00187257594194,23.7341000707861,1.10605344783644e-06,0.00032667657266332
"POLR2H_CCDS3264.1_ex4_3:184085978-184086001:+_9-9","POLR2H",-2.78887958496281,1.97045974159741,23.7205019765463,1.11389581012755e-06,0.000327021460262117
"NOP56_CCDS13030.1_ex5_20:2635979-2636002:+_5-5","NOP56",-2.30809940239087,2.11667645969689,23.7192811145749,1.11460263412364e-06,0.000327021460262117
"PLK1_CCDS10616.1_ex0_16:23690462-23690485:+_5-1","PLK1",-4.28007008837931,-0.174989813143731,23.6804161981128,1.13734029148548e-06,0.000332591332895584
"SNRPF_CCDS9055.1_ex2_12:96259127-96259150:+_5-5","SNRPF",-2.96974806915691,1.35310949970932,23.6629768400783,1.14769371022679e-06,0.000334514963448536
"SNRPD3_CCDS13828.1_ex0_22:24953709-24953732:+_5-1","SNRPD3",-4.8401006373301,-0.32545099222498,23.6509335666931,1.15489869969839e-06,0.00033551132519828
"SFPQ_CCDS388.1_ex8_1:35657023-35657046:+_5-1","SFPQ",-3.06382383231651,0.879556554755084,23.6400743039583,1.16143422891579e-06,0.00033630732446834
"H3F3B_CCDS11729.1_ex1_17:73774962-73774985:-_4-1","H3F3B",-3.03236022184771,0.854597945786027,23.6262913853972,1.1697827708988e-06,0.000337621407811918
"RRM2_CCDS1669.1_ex6_2:10267258-10267281:-_5-5","RRM2",-5.56222811406423,-3.15883199236909,23.6063056877674,1.18199546176891e-06,0.000340038603524337
"NAPA_CCDS12702.1_ex6_19:47996731-47996754:+_5-2","NAPA",-3.02325658512766,1.84969122897085,23.5812832536257,1.19746639243238e-06,0.000343374456853927
"RPA3_CCDS5356.1_ex1_7:7677548-7677571:-_5-2","RPA3",-4.16181810080804,0.115464994773755,23.5733418856563,1.20241872923224e-06,0.000343682302975328
"RBMX_CCDS14661.1_ex6_X:135961195-135961218:+_6-5","RBMX",-3.40048911982793,1.28128096070936,23.5669360594554,1.20642844604313e-06,0.000343719610579093
"INTS1_CCDS47526.1_ex32_7:1532692-1532715:+_5-2","INTS1",-3.01464890354644,1.32623699436787,23.5456610010599,1.21984201361985e-06,0.000345423244081053
"ESPL1_CCDS8852.1_ex3_12:53664565-53664588:-_5-4","ESPL1",-2.89033527803921,1.82846728642638,23.5410473486895,1.22277052198686e-06,0.000345423244081053
"CCT5_CCDS3877.1_ex3_5:10256092-10256115:+_5-1","CCT5",-2.88535479654621,1.12920384910479,23.5389512926154,1.22410331852753e-06,0.000345423244081053
"POLR3B_CCDS53824.1_ex2_12:106763439-106763462:+_5-2","POLR3B",-2.75373300320901,2.29026419510207,23.5193333053631,1.23664844465496e-06,0.000347728047074514
"RAN_CCDS9271.1_ex3_12:131359091-131359114:-_5-4","RAN",-4.18575360966258,0.0647455603272261,23.5139399337216,1.24011988889631e-06,0.000347728047074514
"ETF1_CCDS4207.1_ex8_5:137854425-137854448:-_5-4","ETF1",-3.09078865035647,1.24041152376996,23.5056650210405,1.24546504742095e-06,0.000348125160857353
"RPA2_CCDS314.1_ex3_1:28223589-28223612:-_5-1","RPA2",-3.01130505109281,1.00878901263669,23.4913166411695,1.25478817251688e-06,0.000349628178660475
"FAU_CCDS8095.1_ex2_11:64889014-64889037:+_5-3","FAU",-2.64488292707453,1.88558471504434,23.4708759294177,1.26819091532304e-06,0.000352254934931389
"HIST2H3C_CCDS30848.1_ex0_1:149812564-149812587:+_4-2","HIST2H3C",-1.80657982682277,3.62725118559766,23.4602190872688,1.27523533001852e-06,0.000353104692661315
"MRPS21_CCDS950.1_ex1_1:150280547-150280570:-_5-3","MRPS21",-2.11784266119676,2.80003296730954,23.3940546715783,1.31985829320772e-06,0.000364322006006115
"POLR2L_CCDS7720.1_ex1_11:842413-842436:-_4-4","POLR2L",-3.72717769890104,0.482612407398352,23.386139886273,1.32530004100398e-06,0.000364687998239748
"SF3B14_CCDS1707.1_ex1_2:24291310-24291333:+_5-4","SF3B14",-3.60767798406739,0.325906228874644,23.3191543460948,1.37226590651363e-06,0.000376442702515623
"WEE1_CCDS44536.1_ex3_11:9598744-9598767:+_5-4","WEE1",-3.05236635117191,1.08832859878758,23.2559728938359,1.41809351180115e-06,0.000387813560823003
"RPL28_CCDS12924.1_ex1_19:55898003-55898026:+_9-4","RPL28",-2.81547729854061,0.9951498111003,23.2283192217798,1.4386316299204e-06,0.000392219674463774
"FARSA_CCDS12287.1_ex11_19:13041553-13041576:-_5-5","FARSA",-2.21113741796639,2.9935342506016,23.2163389768533,1.44762161335509e-06,0.000393460002064237
"RPL19_CCDS42312.1_ex2_17:37358663-37358686:-_5-3","RPL19",-2.20333810358016,2.4430600326864,23.2075406952657,1.45425971494935e-06,0.000394055462699701
"LARP6_CCDS10236.1_ex1_15:71146321-71146344:-_8-8","LARP6",-4.1251788659939,-0.322669188430555,23.1840158367947,1.47215901680572e-06,0.000397689395863071
"LARS_CCDS34265.1_ex16_5:145524206-145524229:+_5-2","LARS",-2.64742932810762,1.91822650016141,23.1625567992738,1.48867915127536e-06,0.000400929802060501
"SNRNP25_CCDS10396.1_ex1_16:105484-105507:+_5-1","SNRNP25",-2.65934771848076,1.50201466688687,23.140664123979,1.50572475275962e-06,0.00040176423035139
"POLR2F_CCDS13963.1_ex2_22:38355465-38355488:-_5-4","POLR2F",-3.12763601084774,1.48736262015002,23.1394879487696,1.50664604207932e-06,0.00040176423035139
"TUBG2_CCDS32658.1_ex2_17:40812170-40812193:+_5-2","TUBG2",-3.53041414215941,0.656318229119822,23.1305567965524,1.51366021892999e-06,0.00040176423035139
"CCNK_CCDS45160.1_ex1_14:99959851-99959874:+_5-1","CCNK",-2.85982159944285,1.18069219836941,23.1284853950724,1.51529168992985e-06,0.00040176423035139
"GPKOW_CCDS35251.1_ex6_X:48974046-48974069:+_5-1","GPKOW",-1.85244749047832,3.09072832009484,23.123283954172,1.51939621240786e-06,0.00040176423035139
"EEF2_CCDS12117.1_ex12_19:3983131-3983154:+_5-4","EEF2",-2.57716037342887,1.89712641505317,23.1196776585795,1.52224852989752e-06,0.00040176423035139
"BRF1_CCDS10001.1_ex13_14:105718849-105718872:-_13-7","BRF1",-2.68304615620705,1.95902748470353,23.1180755737056,1.5235173848054e-06,0.00040176423035139
"PSMA7_CCDS13489.1_ex3_20:60714186-60714209:+_5-2","PSMA7",-2.96663673215572,0.995420931910743,23.1070595733088,1.53227085447844e-06,0.000402873564783135
"VCP_CCDS6573.1_ex13_9:35066778-35066801:+_5-4","VCP",-2.70368431512161,1.90548726799606,23.0415617876612,1.58536793138755e-06,0.000415600919906878
"PCNA_CCDS13087.1_ex4_20:5099418-5099441:+_5-2","PCNA",-4.05716560832768,0.0817491081677761,23.0250496308863,1.59904264677354e-06,0.00041794918218294
"VCP_CCDS6573.1_ex7_9:35061671-35061694:-_5-1","VCP",-3.87771029095266,0.197815551316399,23.0118419111225,1.61006587464922e-06,0.000419592637909321
"NUP93_CCDS10769.1_ex8_16:56864460-56864483:-_5-3","NUP93",-3.65896183180178,0.523007617417986,23.0006502732876,1.61946610700441e-06,0.000420804732777809
"COPA_CCDS1202.1_ex28_1:160303424-160303447:+_5-5","COPA",-3.2314534154786,1.07171976608642,22.982237000086,1.63505197762182e-06,0.000423612326108653
"RPL5_CCDS741.1_ex2_1:93299114-93299137:+_5-1","RPL5",-3.78303637455095,0.389006195939442,22.9282874172751,1.68158910402228e-06,0.000434399079157428
"CDC27_CCDS11509.1_ex11_17:45232053-45232076:-_5-2","CDC27",-4.13283816205005,0.323298410619499,22.8968513094183,1.70931627788632e-06,0.0004397721099461
"EIF4E_CCDS34031.1_ex4_4:99812425-99812448:-_5-5","EIF4E",-3.20734039704319,0.926484569505999,22.8934822226547,1.7123149440377e-06,0.0004397721099461
"PSMB3_CCDS11328.1_ex2_17:36912198-36912221:+_5-4","PSMB3",-3.7120300420765,0.642932149818907,22.755873989937,1.8394103745049e-06,0.000470934444895267
"GINS1_CCDS33451.1_ex3_20:25398746-25398769:-_5-3","GINS1",-3.54280292156799,0.540119132599579,22.7507934474705,1.84427975959481e-06,0.000470934444895267
"IMP3_CCDS10282.1_ex0_15:75932326-75932349:+_5-5","IMP3",-2.96073005783362,1.39619761550141,22.7327553122987,1.86167288301122e-06,0.000472012253005677
"NUP133_CCDS1579.1_ex13_1:229613376-229613399:+_5-1","NUP133",-3.1793295018773,0.86079404196941,22.7295257204311,1.86480431295489e-06,0.000472012253005677
"DDX20_CCDS842.1_ex0_1:112298726-112298749:-_5-2","DDX20",-2.42370862730389,2.35905475357517,22.7256736535796,1.86854620801448e-06,0.000472012253005677
"TXNL4A_CCDS32852.1_ex0_18:77733823-77733846:-_5-1","TXNL4A",-2.98430755729888,0.986421613543845,22.7243753747938,1.86980905136213e-06,0.000472012253005677
"RPS8_CCDS513.1_ex2_1:45242393-45242416:+_5-2","RPS8",-3.56113783389152,0.690208340945328,22.6814777275447,1.91202085041399e-06,0.000479954806061221
"DTL_CCDS1502.1_ex5_1:212236221-212236244:+_5-2","DTL",-2.68960680756733,1.53133455061392,22.6772483178525,1.91623406304265e-06,0.000479954806061221
"RPL3_CCDS13988.1_ex7_22:39713514-39713537:+_5-2","RPL3",-3.43236330794412,0.683816310358851,22.6759567593564,1.91752253059242e-06,0.000479954806061221
"PSMC4_CCDS12547.1_ex5_19:40480655-40480678:-_5-5","PSMC4",-2.55841951831885,1.94679080552406,22.6461136628452,1.94753745205979e-06,0.000485951768070929
"PSMC3_CCDS7935.1_ex9_11:47446662-47446685:+_5-5","PSMC3",-2.69142080497765,1.91661676240316,22.6412727152517,1.95245050485577e-06,0.000485951768070929
"HSPA9_CCDS4208.1_ex9_5:137902709-137902732:+_5-2","HSPA9",-2.84191958928381,1.46827208865211,22.6286110911249,1.96535958808534e-06,0.000486444908550429
"SAE1_CCDS12696.1_ex1_19:47646744-47646767:+_6-2","SAE1",-2.51152157754912,1.95170075246385,22.6285600572638,1.96541179221558e-06,0.000486444908550429
"MASTL_CCDS53502.1_ex0_10:27444463-27444486:+_5-1","MASTL",-3.30622232816511,0.935758413011344,22.6165092224623,1.97777799336228e-06,0.000487585003087372
"PHB2_CCDS53741.1_ex8_12:7079370-7079393:-_5-4","PHB2",-3.3601193867387,0.921416159003031,22.6133586447602,1.98102387097323e-06,0.000487585003087372
"RAN_CCDS9271.1_ex2_12:131357571-131357594:-_5-1","RAN",-5.46346229361244,-1.67465886075914,22.5794842121486,2.0162623678483e-06,0.000494883499627608
"RPL27_CCDS11449.1_ex1_17:41152097-41152120:+_5-3","RPL27",-3.46548763119676,0.940738614905128,22.5451551535509,2.05261538424482e-06,0.000502414471647504
"RPL27A_CCDS7790.1_ex2_11:8705604-8705627:-_5-2","RPL27A",-3.1691007875961,1.30268848947866,22.537386391965,2.06093298756949e-06,0.000503060684012623
"LOC729574_CCDS65427.1_ex0_1:16999679-16999702:-_5-4","LOC729574",-2.05084471921765,3.11042971424112,22.5153980405044,2.08465848852511e-06,0.000507453983610592
"NCAPH_CCDS2021.1_ex4_2:97008962-97008985:-_5-1","NCAPH",-3.24137061722617,1.03197051259287,22.5017768411307,2.09949304456216e-06,0.000509664878647877
"CDK11A_CCDS44042.1_ex14_1:1643690-1643713:+_5-1","CDK11A",-2.61222132581701,1.85396099838617,22.4793213207485,2.12418042317731e-06,0.000514248990644943
"HIST1H2BB_CCDS4575.1_ex0_6:26043779-26043802:-_4-4","HIST1H2BB",-4.01698260041809,0.176905094922921,22.4612725307501,2.14423402487895e-06,0.000517689373319957
"ECD_CCDS44433.1_ex7_10:74914114-74914137:-_5-3","ECD",-3.43841496146184,0.552682323234366,22.4337595693962,2.17516907556959e-06,0.000523603526945086
"SAE1_CCDS12696.1_ex1_19:47646766-47646789:+_6-3","SAE1",-1.9836803537983,3.48611368574367,22.4290151097932,2.18054873758816e-06,0.000523603526945086
"DDB1_CCDS31576.1_ex25_11:61099080-61099103:-_5-5","DDB1",-2.19251645127206,2.34586583711698,22.4046961435097,2.20833386605081e-06,0.000528842244689994
"TNPO3_CCDS55162.1_ex13_7:128637549-128637572:-_5-1","TNPO3",-2.47838956147183,2.00020574322097,22.3955357846308,2.21889169102814e-06,0.000529938321227061
"NARS_CCDS32837.1_ex8_18:55278899-55278922:-_5-5","NARS",-3.55483609693635,0.114154215215042,22.3874375925123,2.22826747185127e-06,0.000530280354161233
"INHBE_CCDS8939.1_ex0_12:57849563-57849586:+_5-2","INHBE",-4.15758487729073,-0.43729870206165,22.3839709056375,2.23229320928763e-06,0.000530280354161233
"ATP6V0C_CCDS10470.1_ex1_16:2569300-2569323:+_5-4","ATP6V0C",-3.51878052342977,0.957793835440924,22.3730587541646,2.24501278601469e-06,0.000531875943629993
"DUT_CCDS32231.1_ex1_15:48624581-48624604:-_7-2","DUT",-3.37159408088284,1.35599265234212,22.3387116723416,2.28552547111446e-06,0.000539951938312466
"HIST1H2AM_CCDS4639.1_ex0_6:27860716-27860739:+_5-1","HIST1H2AM",-2.43860054942981,2.33566093909852,22.3338752117912,2.29128872543041e-06,0.000539951938312466
"NHP2L1_CCDS14022.1_ex1_22:42076258-42076281:-_5-5","NHP2L1",-4.46817484947046,-0.765396077429111,22.3171791203194,2.31129649950251e-06,0.000543168554305426
"VPS28_CCDS34967.1_ex3_8:145650417-145650440:+_5-2","VPS28",-4.60068744968996,-0.482000022129105,22.3097215292628,2.32028984684108e-06,0.000543168554305426
"NUDT21_CCDS10760.1_ex5_16:56481839-56481862:+_5-5","NUDT21",-2.58709381494745,1.63632483876208,22.3031774264791,2.32821050382497e-06,0.000543168554305426
"POLE_CCDS9278.1_ex29_12:133244106-133244129:+_5-2","POLE",-3.9208631776603,0.708279251627427,22.3021478879324,2.32945907315601e-06,0.000543168554305426
"PFDN2_CCDS1217.1_ex1_1:161071890-161071913:+_5-2","PFDN2",-2.97677576542693,1.59638582434869,22.2373056078891,2.40946497463958e-06,0.000560349221897414
"SPC25_CCDS2229.1_ex5_2:169745941-169745964:-_5-5","SPC25",-2.74211970955086,1.40310419274935,22.2009474922558,2.45552587990802e-06,0.000569566298730706
"DDX10_CCDS8342.1_ex7_11:108562597-108562620:-_5-4","DDX10",-2.26603959413976,1.96354931065862,22.1958898216261,2.46200288669774e-06,0.000569577618221254
"UBE2I_CCDS10433.1_ex3_16:1370226-1370249:+_5-5","UBE2I",-3.18548487930273,1.13075725022742,22.1400420857955,2.53467294995469e-06,0.00058486258178043
"UBL5_CCDS12219.1_ex1_19:9939339-9939362:-_3-3","UBL5",-3.96746966763852,0.563170315885125,22.1138456090132,2.56949792645843e-06,0.000591358268238379
"RPS3_CCDS58161.1_ex4_11:75115080-75115103:+_5-5","RPS3",-2.98888542298488,1.20475575053471,22.0928930725999,2.59769694151407e-06,0.000596299313989109
"DHDDS_CCDS281.1_ex6_1:26786541-26786564:-_5-5","DHDDS",-3.92363033231915,-0.0451360072748112,22.0827102106302,2.61151347217849e-06,0.00059792186748281
"FAU_CCDS8095.1_ex2_11:64888987-64889010:+_5-2","FAU",-3.51872521944985,0.852372044059938,22.0760971569105,2.62052580188796e-06,0.000598438941242486
"CDC7_CCDS734.1_ex8_1:91981350-91981373:+_5-5","CDC7",-3.82964639668783,0.347746540626635,22.051523497608,2.6542892738619e-06,0.000604591144986652
"EEF2_CCDS12117.1_ex13_19:3984167-3984190:-_5-5","EEF2",-3.53972219729785,0.610295251803912,22.0423944556587,2.66694319204068e-06,0.000605915816599889
"GINS2_CCDS10953.1_ex3_16:85721065-85721088:+_5-3","GINS2",-3.55722086447176,0.602903940788564,22.0342116639622,2.67833692702647e-06,0.000606948137483651
"WEE1_CCDS44536.1_ex2_11:9598087-9598110:+_5-1","WEE1",-3.84109055926178,0.27101978648851,22.0112428147164,2.71058040736416e-06,0.000612549986052739
"ISCU_CCDS44966.1_ex2_12:108959166-108959189:-_5-5","ISCU",-3.14831199779761,0.550113157422405,22.0067850889465,2.71688310632154e-06,0.000612549986052739
"U2AF1_CCDS13694.1_ex2_21:44514799-44514822:+_5-3","U2AF1",-3.86847692331839,0.521872717809097,21.9854370055725,2.74727119889039e-06,0.000616615932276032
"NVL_CCDS1541.1_ex14_1:224491519-224491542:-_5-4","NVL",-2.31711627326227,2.51997517637905,21.9843446795305,2.74883521713013e-06,0.000616615932276032
"RPS12_CCDS5164.1_ex1_6:133136185-133136208:-_5-2","RPS12",-3.20522499330025,1.75117697204135,21.9623805025474,2.78047431360757e-06,0.000622138149069476
"TPI1_CCDS53740.1_ex3_12:6978440-6978463:-_9-5","TPI1",-2.51634697327172,1.80073326482563,21.9521086390295,2.79539592869154e-06,0.000622902379686422
"DDX54_CCDS31907.1_ex10_12:113612443-113612466:+_5-1","DDX54",-2.64208517946487,1.80600150251782,21.9503560438385,2.79794988054077e-06,0.000622902379686422
"PSMB3_CCDS11328.1_ex1_17:36909536-36909559:+_5-2","PSMB3",-3.59948932619716,0.965166333288899,21.9138023186283,2.85175430090212e-06,0.000633289577909105
"RPL31_CCDS2049.1_ex1_2:101620621-101620644:+_5-2","RPL31",-3.37342601865813,0.837946763826591,21.8994844729131,2.87311097747492e-06,0.000633608951857752
"RPL10A_CCDS4806.1_ex3_6:35437229-35437252:+_5-3","RPL10A",-3.3135370798558,0.810649145312444,21.8971266409777,2.87664330568885e-06,0.000633608951857752
"SF3B5_CCDS5204.1_ex0_6:144416532-144416555:+_5-4","SF3B5",-3.58643122645103,1.075046692682,21.8949482921554,2.87991061783462e-06,0.000633608951857752
"MED11_CCDS32533.1_ex1_17:4635107-4635130:+_5-2","MED11",-2.52376724745211,1.73111321524835,21.8936924834156,2.88179590093982e-06,0.000633608951857752
"CPSF2_CCDS9902.1_ex3_14:92601742-92601765:+_5-2","CPSF2",-2.91785623824589,1.58662829208027,21.8581519028122,2.93566770558014e-06,0.000643855873070876
"SRSF3_CCDS4823.1_ex0_6:36564656-36564679:+_5-1","SRSF3",-4.60537876018068,-0.626835863411687,21.8519242413278,2.94521099850043e-06,0.000644353989464515
"RPS4X_CCDS14418.1_ex3_X:71494910-71494933:-_5-1","RPS4X",-5.46355475337158,-2.39592351673764,21.8305361791208,2.97822379760176e-06,0.000649971669483501
"NUS1_CCDS5118.1_ex0_6:117997226-117997249:+_5-5","NUS1",-3.31363296454217,0.943826731863703,21.8091876954202,3.01154575823988e-06,0.000655629050257009
"WBSCR22_CCDS5557.1_ex3_7:73101207-73101230:+_5-4","WBSCR22",-1.94173008799158,2.86185019546999,21.777908223655,3.06104534316437e-06,0.00066477201881476
"SAP18_CCDS9295.2_ex1_13:21715068-21715091:-_5-3","SAP18",-2.05403342009025,2.73665997561404,21.7600869458386,3.08961161106489e-06,0.000669031800416912
"KRTAP5-6_CCDS31332.1_ex0_11:1718605-1718628:-_4-1","KRTAP5-6",-2.94488736042292,1.16247000516868,21.7562719609188,3.09576144020646e-06,0.000669031800416912
"ABCF1_CCDS34380.1_ex10_6:30551395-30551418:+_5-3","ABCF1",-2.01125161699377,3.31686250358679,21.7271511833812,3.14311119121561e-06,0.000677611946980171
"NOP56_CCDS13030.1_ex3_20:2635144-2635167:+_5-2","NOP56",-2.7942349054385,1.24018091646406,21.7086735982512,3.17353146938028e-06,0.000682509537320168
"HIST1H2AM_CCDS4639.1_ex0_6:27860734-27860757:-_5-2","HIST1H2AM",-3.27587289902993,0.804794952921477,21.6113816892334,3.33864744483872e-06,0.000715385872602886
"SF1_CCDS31599.1_ex10_11:64540934-64540957:-_5-5","SF1",-2.68371669243331,1.48880285184293,21.6091425364586,3.34254735861674e-06,0.000715385872602886
"RPS11_CCDS12769.1_ex3_19:50001249-50001272:-_5-5","RPS11",-2.46863783482444,2.48207816882196,21.5990942865338,3.36010467016398e-06,0.000717410685312168
"PUF60_CCDS47933.1_ex4_8:144900193-144900216:+_5-2","PUF60",-2.89057884729482,2.01627073324056,21.575254201426,3.40213158091074e-06,0.000723637026000462
"RFC5_CCDS41843.2_ex2_12:118457472-118457495:+_5-1","RFC5",-2.94611449996495,1.60936355287782,21.5732996384923,3.40560052188557e-06,0.000723637026000462
"NPLOC4_CCDS45812.1_ex9_17:79571572-79571595:-_5-1","NPLOC4",-2.53888920678396,1.90133621250855,21.5623493325304,3.42510077126255e-06,0.000726039423297823
"RBM22_CCDS34278.1_ex6_5:150076425-150076448:-_5-1","RBM22",-2.17218313654731,2.73129330265232,21.5509104128084,3.44559080130245e-06,0.000728639662387125
"UTP11L_CCDS429.1_ex5_1:38484960-38484983:-_5-4","UTP11L",-2.00732832260366,2.6321810975058,21.5237388115586,3.49475652953287e-06,0.000737277135847119
"LSM7_CCDS45907.1_ex1_19:2324135-2324158:+_5-3","LSM7",-3.26789118631153,0.859424454228128,21.5090921853548,3.52155028004171e-06,0.000741165045399943
"UBE2I_CCDS10433.1_ex1_16:1364337-1364360:-_5-1","UBE2I",-2.93968296773839,1.60415733359501,21.4892813689825,3.55811938094235e-06,0.000747087028122697
"IARS_CCDS6694.1_ex24_9:95036699-95036722:+_5-3","IARS",-3.21976441768306,0.303158062549501,21.4694754045836,3.59506044517796e-06,0.000753058926253992
"EIF2S1_CCDS9781.1_ex2_14:67843237-67843260:-_5-3","EIF2S1",-3.81676072145002,0.0333459740094382,21.4259302691288,3.67763747501507e-06,0.000768539495545248
"NHP2L1_CCDS14022.1_ex0_22:42071178-42071201:-_5-3","NHP2L1",-4.39455610589329,-0.30019335445612,21.4052352800969,3.71754710819031e-06,0.000775051715454848
"MARS_CCDS8942.1_ex8_12:57892330-57892353:+_5-3","MARS",-2.39298938988443,2.37648505711082,21.3982402683003,3.73113480764063e-06,0.000776058522924426
"RPS2_CCDS10452.1_ex2_16:2012723-2012746:+_5-1","RPS2",-3.19442623319579,0.819666385602739,21.3819999599509,3.76287382457908e-06,0.000780827161828229
"SUPT6H_CCDS32596.1_ex12_17:27009793-27009816:-_5-4","SUPT6H",-2.66707206975499,2.14136235275853,21.3437605195351,3.83868067727678e-06,0.000794696588997165
"BRF1_CCDS10001.1_ex15_14:105739069-105739092:+_13-9","BRF1",-2.99723944620645,1.21321301023598,21.313414157735,3.89992930200358e-06,0.000803632001954275
"RTF1_CCDS32200.2_ex5_15:41758366-41758389:-_5-3","RTF1",-1.68703278787972,3.24752461862311,21.3103306090917,3.90620751182504e-06,0.000803632001954275
"SNRPF_CCDS9055.1_ex1_12:96255032-96255055:+_5-2","SNRPF",-4.05171542459283,-0.751929720402205,21.308935552808,3.90905122499935e-06,0.000803632001954275
"COPB2_CCDS3108.1_ex14_3:139092600-139092623:+_5-3","COPB2",-2.31134976416161,2.07827247859751,21.2967929748256,3.93389081949944e-06,0.000805690926079268
"DDX56_CCDS5492.1_ex11_7:44612529-44612552:+_5-4","DDX56",-2.22468798132395,2.17048480889423,21.2951556978419,3.93725222888205e-06,0.000805690926079268
"EIF2B5_CCDS3252.1_ex6_3:183858374-183858397:+_5-5","EIF2B5",-3.10921717419001,1.19382941819216,21.2793998686388,3.96974740270287e-06,0.000809515660757343
"ATP6V0C_CCDS10470.1_ex1_16:2569327-2569350:+_5-5","ATP6V0C",-3.10400871011266,1.63092692839576,21.2733919691851,3.98220898524812e-06,0.000809515660757343
"SDE2_CCDS41473.1_ex5_1:226182965-226182988:-_5-4","SDE2",-3.85964812273416,0.357485763522803,21.2728421726662,3.98335133162767e-06,0.000809515660757343
"POLR2F_CCDS13963.1_ex2_22:38355450-38355473:-_5-3","POLR2F",-2.87971282840492,1.29152352200382,21.2609841018823,4.00806977196125e-06,0.000812675126348738
"CDC7_CCDS734.1_ex3_1:91977220-91977243:-_5-2","CDC7",-4.7372269787813,-0.411124696588082,21.2513617881365,4.02824080750408e-06,0.000814900239702526
"RUVBL1_CCDS3047.1_ex8_3:127831786-127831809:+_5-5","RUVBL1",-2.81250309809126,1.84198282827966,21.2431219085165,4.04559482556174e-06,0.000816546640350167
"IMP3_CCDS10282.1_ex0_15:75932219-75932242:+_5-2","IMP3",-2.11410018726135,2.31541129992855,21.228975471911,4.07556380005769e-06,0.000820725922881618
"PAFAH1B1_CCDS32528.1_ex3_17:2570444-2570467:-_5-2","PAFAH1B1",-3.78081087746909,0.594742089319435,21.212896515918,4.10989739117508e-06,0.000825381810472235
"CCDC84_CCDS8405.1_ex1_11:118869235-118869258:+_5-1","CCDC84",-3.72521443930117,0.248593454825331,21.2094407203495,4.11731440566923e-06,0.000825381810472235
"RRM1_CCDS7750.1_ex2_11:4127402-4127425:-_5-1","RRM1",-3.81430897490119,0.479815312273906,21.2011687774033,4.13512269725731e-06,0.000827080545627949
"POLR3K_CCDS10395.1_ex2_16:103460-103483:+_5-3","POLR3K",-2.30270624661356,2.32634112680818,21.1883547401694,4.16286219268514e-06,0.000830753530281665
"DDX49_CCDS12390.1_ex6_19:19035071-19035094:+_5-5","DDX49",-1.85776908264053,3.08934937219235,21.1702485444357,4.2023766639414e-06,0.000836754576820654
"USP5_CCDS31733.1_ex0_12:6961440-6961463:-_5-1","USP5",-2.39273972600586,2.22450008070473,21.1433737271763,4.26172259036338e-06,0.000846668591573404
"PRELID1_CCDS4415.1_ex2_5:176732914-176732937:+_5-5","PRELID1",-2.94680162492049,1.61370358197475,21.1260321345798,4.30046262812506e-06,0.000849843123949172
"STX5_CCDS58140.1_ex7_11:62594861-62594884:-_5-3","STX5",-2.80726130547481,1.26227895813575,21.122938020507,4.30741174662766e-06,0.000849843123949172
"RPS29_CCDS32072.1_ex1_14:50052678-50052701:+_4-1","RPS29",-3.37621216176685,0.780295945504415,21.1208809122701,4.31203807310462e-06,0.000849843123949172
"HSPE1_CCDS2320.1_ex1_2:198365925-198365948:+_5-2","HSPE1",-3.86536095033035,-0.365226680348371,21.1190913772362,4.3160666972567e-06,0.000849843123949172
"CDC7_CCDS734.1_ex2_1:91973927-91973950:+_5-1","CDC7",-3.43013921293067,0.276245682114391,21.1035180884943,4.35128533044008e-06,0.000854878022148501
"WDR74_CCDS44630.1_ex5_11:62602951-62602974:+_5-1","WDR74",-2.89090379435028,1.29923171128942,21.0861690966582,4.39085938690823e-06,0.00086074443990352
"IMP3_CCDS10282.1_ex0_15:75932295-75932318:+_5-4","IMP3",-2.63254821536019,1.84072084981344,21.077499694021,4.41076993622557e-06,0.000862738810086541
"BUD31_CCDS5663.1_ex1_7:99013824-99013847:-_5-3","BUD31",-3.59519651235356,0.762217601218708,21.0704160824801,4.42710572794077e-06,0.000864026718347842
"TAF12_CCDS326.1_ex2_1:28939785-28939808:-_5-1","TAF12",-2.61262767070299,1.83377332796899,21.0371996099345,4.50452114585387e-06,0.000877203517911051
"LARS_CCDS34265.1_ex24_5:145538979-145539002:+_5-4","LARS",-3.22459755232485,0.685848285951844,21.0168516534577,4.5526143161208e-06,0.000884624877399561
"RPL27A_CCDS7790.1_ex3_11:8706417-8706440:+_5-5","RPL27A",-2.41471006380407,1.63795817642407,20.9789910976464,4.64347486426947e-06,0.000900305763289848
"RPL17_CCDS45865.1_ex1_18:47015902-47015925:+_5-1","RPL17",-4.2178890690453,-1.78246304923043,20.9702668168742,4.66466872752029e-06,0.000902440256049482
"HIST1H2BN_CCDS4633.1_ex0_6:27806598-27806621:+_3-3","HIST1H2BN",-4.08488995749102,0.296394605688719,20.9653572117444,4.67663827316461e-06,0.000902784773054518
"FAU_CCDS8095.1_ex1_11:64888477-64888500:-_5-1","FAU",-2.17924260591002,2.70491867012624,20.94569248627,4.72489037181864e-06,0.000910116600620354
"HIST1H2BH_CCDS4601.1_ex0_6:26252037-26252060:+_4-3","HIST1H2BH",-3.77956914558997,0.675000296112757,20.9290578248025,4.76609737655156e-06,0.00091606252526405
"TIMELESS_CCDS8918.1_ex26_12:56827611-56827634:+_5-5","TIMELESS",-2.86853495165832,1.41536047999436,20.888654957004,4.8676906101079e-06,0.000932684418353335
"SUPT6H_CCDS32596.1_ex15_17:27010727-27010750:+_5-5","SUPT6H",-2.65828341742621,1.36699637985773,20.8863190454264,4.87363029250382e-06,0.000932684418353335
"RBMX_CCDS14661.1_ex4_X:135958672-135958695:+_6-3","RBMX",-2.8500991983327,1.17251124877146,20.8699672284364,4.91541335839103e-06,0.000938653267313783
"CDC27_CCDS11509.1_ex10_17:45229258-45229281:-_5-1","CDC27",-4.53565829313685,-0.32049932633246,20.8187043030573,5.04874785688076e-06,0.000962041618509197
"HNRNPC_CCDS41915.1_ex6_14:21702122-21702145:-_6-5","HNRNPC",-4.66333492126865,-0.43367335422304,20.8011175316389,5.09532232215784e-06,0.000968832896302828
"RPS9_CCDS12884.1_ex2_19:54710210-54710233:+_5-3","RPS9",-3.19069621531819,0.482619381132507,20.7662488400885,5.18894284600755e-06,0.000984521348636713
"RPL18_CCDS12726.1_ex2_19:49119432-49119455:-_5-3","RPL18",-2.78558974873119,1.63749056175405,20.7267560273147,5.29706575180479e-06,0.00100288847864191
"RBM14_CCDS55772.1_ex0_11:66384342-66384365:-_5-1","RBM14",-2.65067708414571,1.77338253754766,20.7146825288714,5.33056958429924e-06,0.00100707984773224
"KIN_CCDS7080.1_ex9_10:7822072-7822095:+_5-5","KIN",-2.38603693994804,1.89674018979377,20.7042146870549,5.3597898303965e-06,0.00101044582491939
"AURKB_CCDS11134.1_ex4_17:8110480-8110503:+_5-4","AURKB",-3.59045949951114,0.753420134100381,20.6891242138559,5.40219698771209e-06,0.00101627827238475
"CCT2_CCDS55843.1_ex3_12:69981963-69981986:+_5-1","CCT2",-3.00218114513879,1.38461625028403,20.6849317812777,5.41403819916144e-06,0.0010163480268536
"RPL35_CCDS6858.1_ex2_9:127623721-127623744:-_5-5","RPL35",-2.78888262684709,0.813924591774088,20.6596365929581,5.48603736569711e-06,0.00102768673747348
"PSMC1_CCDS32139.1_ex5_14:90730380-90730403:+_5-4","PSMC1",-3.63689865055561,0.395568422416863,20.6380603767162,5.5482100016424e-06,0.0010371407076066
"DNAJC17_CCDS10065.1_ex9_15:41072124-41072147:-_5-5","DNAJC17",-2.99094647806939,1.14855388446262,20.6139107069419,5.61863729018558e-06,0.00104784181471632
"HARS_CCDS4237.1_ex9_5:140059374-140059397:+_5-4","HARS",-2.72231515945832,1.90340233838857,20.6103463950218,5.62910755259201e-06,0.00104784181471632
"EXOSC5_CCDS12580.1_ex5_19:41903105-41903128:-_5-4","EXOSC5",-2.06587083643725,2.48780714336622,20.605789033179,5.64252345837256e-06,0.00104813717725903
"CDC6_CCDS11365.1_ex2_17:38447888-38447911:-_5-4","CDC6",-4.01575230127533,0.233929463221473,20.5810583694279,5.71588686297296e-06,0.00105954366397611
"PPP1R10_CCDS4681.1_ex7_6:30572217-30572240:-_5-2","PPP1R10",-2.32808255498273,1.84148041684502,20.576601554934,5.72920943985657e-06,0.00105979609943201
"RPL35A_CCDS33930.1_ex2_3:197680922-197680945:+_5-5","RPL35A",-3.37118754819689,1.05465298256995,20.5683586435,5.75393182798475e-06,0.00106215184073003
"RPS19_CCDS12588.1_ex1_19:42365242-42365265:+_5-2","RPS19",-3.30462550332237,0.494284488014319,20.5530504339967,5.80012910470167e-06,0.00106845372027276
"DTL_CCDS1502.1_ex3_1:212220505-212220528:+_5-1","DTL",-3.66155541685597,0.849865048138799,20.542508267013,5.83215966028218e-06,0.00107189774144221
"PSMD3_CCDS11356.1_ex2_17:38142848-38142871:+_5-3","PSMD3",-1.9752862645842,2.70115570736472,20.5383945385993,5.84470661772636e-06,0.00107189774144221
"KARS_CCDS10923.1_ex9_16:75669942-75669965:-_5-2","KARS",-4.05679561822988,-0.566675978554791,20.5349880077486,5.85511711236295e-06,0.00107189774144221
"AURKB_CCDS11134.1_ex4_17:8110605-8110628:-_5-5","AURKB",-3.61301117234701,0.363948722650251,20.5137683720261,5.92038553836205e-06,0.00108161171342703
"CDC123_CCDS7090.1_ex4_10:12257811-12257834:+_5-4","CDC123",-3.09785102521328,1.10071862620944,20.4953018148243,5.97777993830485e-06,0.00108985014241448
"UBE2I_CCDS10433.1_ex3_16:1370185-1370208:-_5-4","UBE2I",-4.28330314695297,-0.780627060070229,20.4790984013234,6.0286002834326e-06,0.00109685863801608
"BCL2L2-PABPN1_CCDS55906.1_ex1_14:23791397-23791420:+_1-1","BCL2L2-PABPN1",-3.37468704617481,1.067978769654,20.4739500780713,6.04483808175143e-06,0.00109755926858948
"POLR3A_CCDS7354.1_ex15_10:79764636-79764659:-_5-1","POLR3A",-3.02712488502624,1.44459792788699,20.4467475158389,6.13136650112203e-06,0.00111099357913787
"SNRNP35_CCDS45005.1_ex1_12:123950486-123950509:+_5-5","SNRNP35",-2.62367260167833,2.16360022332498,20.4326925785971,6.17655976198165e-06,0.00111689847810234
"SMU1_CCDS6534.1_ex8_9:33068856-33068879:-_5-4","SMU1",-3.3046166900811,0.249511571357437,20.3808421451046,6.34619480107542e-06,0.00114523612330772
"UBA52_CCDS12382.1_ex2_19:18685726-18685749:-_5-5","UBA52",-3.91890820761811,-0.238353985976956,20.3628800262676,6.40604429242148e-06,0.00115368691173638
"EIF3D_CCDS13930.1_ex6_22:36914855-36914878:+_5-1","EIF3D",-2.82608546733574,1.10675472288915,20.3531644896301,6.43865206810723e-06,0.00115720731267081
"RPS6_CCDS6492.1_ex3_9:19378858-19378881:-_5-4","RPS6",-3.28578531014801,0.481950324238191,20.3451692092485,6.4656111644353e-06,0.00115881583708712
"NUP85_CCDS32730.1_ex8_17:73221492-73221515:+_5-5","NUP85",-3.61299534614021,0.771792013140352,20.3427595521141,6.47375842897913e-06,0.00115881583708712
"EXOSC4_CCDS6414.1_ex0_8:145133723-145133746:+_5-1","EXOSC4",-2.64928660709257,1.59419171448605,20.3309307542379,6.51390234827857e-06,0.00116365086990236
"SLMO2_CCDS42893.1_ex4_20:57613543-57613566:-_5-3","SLMO2",-3.82371623249967,0.294157011092643,20.3137013060639,6.572822175233e-06,0.00117181384639577
"HIST1H2BC_CCDS4584.1_ex0_6:26123950-26123973:-_4-2","HIST1H2BC",-4.43451475448425,0.286746878009399,20.2155021711593,6.91899628344656e-06,0.00123105338291379
"PSMC4_CCDS12547.1_ex4_19:40480444-40480467:+_5-3","PSMC4",-2.92217317547635,1.26701792151734,20.1977846092582,6.98337638332135e-06,0.00124001813190495
"FARSA_CCDS12287.1_ex11_19:13041418-13041441:+_5-4","FARSA",-2.3455365197819,2.00769882694894,20.1855826686832,7.02806378027549e-06,0.00124545723863018
"RPS28_CCDS45953.1_ex2_19:8386832-8386855:+_2-1","RPS28",-4.02295461192419,-0.390868965903842,20.1696334836878,7.08690790004828e-06,0.00125337836605125
"CENPN_CCDS10931.1_ex4_16:81053756-81053779:-_5-5","CENPN",-3.60650195970999,0.620507874384296,20.1636108597168,7.10925664045714e-06,0.00125482628263814
"INCENP_CCDS31582.1_ex2_11:61897793-61897816:-_5-3","INCENP",-1.91615020425876,2.70424414012931,20.1549900042302,7.14137006390535e-06,0.00125798854052167
"PUF60_CCDS47933.1_ex4_8:144900222-144900245:-_5-3","PUF60",-4.34610172869843,-0.144768174433259,20.1214509055212,7.26769745595335e-06,0.00127704975168181
"HARS_CCDS4237.1_ex3_5:140056441-140056464:+_5-1","HARS",-2.90716723867567,1.71489771725433,20.1186357567129,7.27840241743579e-06,0.00127704975168181
"EIF3B_CCDS5332.1_ex1_7:2400421-2400444:-_5-2","EIF3B",-2.1324406273331,2.32848873317921,20.0744572482516,7.44848527624046e-06,0.00130430926163352
"RPS7_CCDS1648.1_ex2_2:3624198-3624221:+_5-3","RPS7",-3.23183626187716,1.56982410830266,20.067995860567,7.4736932332298e-06,0.00130614213535219
"WBSCR22_CCDS5557.1_ex2_7:73101046-73101069:-_5-2","WBSCR22",-2.72643145076871,1.46030006933988,20.0517565570714,7.53742675073172e-06,0.00131468746983334
"POLR2F_CCDS13963.1_ex2_22:38355419-38355442:-_5-2","POLR2F",-4.12725720656003,-0.761761663140493,20.0115227696336,7.69769059559567e-06,0.00134000309020305
"RFC4_CCDS3283.1_ex5_3:186510644-186510667:-_5-3","RFC4",-2.14401819160229,2.45884582392336,19.9958839916999,7.76090410520592e-06,0.00134701328827187
"AGAP6_CCDS44397.1_ex7_10:51768708-51768731:-_5-3","AGAP6",-2.38605209708566,2.63550307403266,19.9913987403643,7.77912991957865e-06,0.00134701328827187
"EXOSC6_CCDS10887.1_ex0_16:70285669-70285692:+_5-4","EXOSC6",-2.62192455165582,1.89906156970725,19.9903082182749,7.78356774479378e-06,0.00134701328827187
"BIRC5_CCDS11755.1_ex1_17:76210853-76210876:-_5-5","BIRC5",-2.77011810158186,1.26642876008443,19.9666400907393,7.88051266877229e-06,0.00136113197958916
"DHX37_CCDS9261.1_ex25_12:125470758-125470781:-_5-5","DHX37",-2.01318120256417,2.29097497223246,19.9526093899348,7.93855392281912e-06,0.00136777241781113
"RBM14_CCDS55772.1_ex0_11:66384390-66384413:+_5-5","RBM14",-2.52139371312059,1.79706092524088,19.9495101325889,7.95143247930758e-06,0.00136777241781113
"MAX_CCDS41965.1_ex1_14:65544727-65544750:+_11-5","MAX",-2.47672963205561,1.74760795814989,19.946186104829,7.96526835192361e-06,0.00136777241781113
"SNRPF_CCDS9055.1_ex1_12:96255049-96255072:+_5-3","SNRPF",-3.69693128665209,0.855979119750381,19.9270808471489,8.04526171011939e-06,0.00137883647792425
"THOC5_CCDS13859.1_ex12_22:29927906-29927929:-_5-3","THOC5",-1.90218468457934,2.51780936844462,19.9215867273491,8.06841444656308e-06,0.00138013500087291
"NAA50_CCDS2975.1_ex2_3:113442343-113442366:-_5-3","NAA50",-2.41861849074068,1.65122384224956,19.9161799591855,8.09126437821478e-06,0.0013813768236919
"NUP214_CCDS6940.1_ex6_9:134008516-134008539:-_5-1","NUP214",-3.8610671266437,-0.183151268108152,19.9104388042224,8.1155986071372e-06,0.00138286678881538
"HNRNPL_CCDS33015.1_ex10_19:39336530-39336553:+_5-4","HNRNPL",-2.03742672133539,2.56543085374226,19.8807170319242,8.24275583910505e-06,0.00140183804967321
"DDX18_CCDS2120.1_ex5_2:118579511-118579534:+_5-5","DDX18",-3.5963972994781,-0.346066513270361,19.8705964042042,8.28650938622467e-06,0.00140657940742495
"MCCD1_CCDS34396.1_ex1_6:31497525-31497548:-_5-5","MCCD1",-2.42072114563845,1.88596178060865,19.8517664168511,8.3685367184928e-06,0.00141778693016974
"BUB1B_CCDS10053.1_ex5_15:40475920-40475943:-_5-2","BUB1B",-2.82681508401728,1.51706522065666,19.835550345507,8.43983030977247e-06,0.00142713664967118
"PSMC4_CCDS12547.1_ex2_19:40478379-40478402:+_5-1","PSMC4",-2.53753308902444,1.66074461021384,19.829193418105,8.46794448554707e-06,0.0014291632173074
"SNRPD3_CCDS13828.1_ex0_22:24953746-24953769:+_5-2","SNRPD3",-4.37541309260075,-0.276407211699033,19.8134377907345,8.53803137370382e-06,0.00143825248649886
"NUDT21_CCDS10760.1_ex4_16:56480577-56480600:+_5-1","NUDT21",-3.26688446815398,0.496656426092923,19.8051610566078,8.57508239133552e-06,0.00144175284699559
"HSPA9_CCDS4208.1_ex14_5:137909464-137909487:-_5-5","HSPA9",-3.19097957987788,0.542843744693947,19.7594561875903,8.78260756645033e-06,0.0014738479659714
"RRP9_CCDS2837.1_ex9_3:51971292-51971315:-_5-4","RRP9",-2.21796940978358,2.03926229058631,19.7529381107197,8.81261123634354e-06,0.00147608739358687
"CHEK1_CCDS58191.1_ex3_11:125499296-125499319:+_5-3","CHEK1",-5.261838645639,-3.31325071103458,19.7309642534672,8.91452046634284e-06,0.00149033962347316
"MCM2_CCDS3043.1_ex6_3:127327238-127327261:+_5-5","MCM2",-3.2060381741864,1.11174212917146,19.7134973759675,8.99637087379037e-06,0.00149917536924029
"PAFAH1B1_CCDS32528.1_ex4_17:2573519-2573542:+_5-3","PAFAH1B1",-3.03638702326834,0.898401989071834,19.7124695081697,9.00121093871563e-06,0.00149917536924029
"THAP1_CCDS6136.1_ex0_8:42693438-42693461:+_8-3","THAP1",-2.51265132708937,1.72500803352203,19.6871976624572,9.12103787162079e-06,0.00151628270478955
"PSMA7_CCDS13489.1_ex4_20:60714835-60714858:-_5-4","PSMA7",-3.04149269671449,1.38445546047245,19.6654605288427,9.22538538353029e-06,0.00153075748556758
"PPAN_CCDS12225.1_ex3_19:10218479-10218502:+_5-4","PPAN",-2.20494042380123,2.30718089942053,19.6271527532109,9.41220506443848e-06,0.00155860745170411
"RPL11_CCDS238.1_ex2_1:24020314-24020337:-_5-2","RPL11",-2.29424191534441,1.75422135101109,19.6178894598052,9.4579478065549e-06,0.00155860745170411
"POLR2L_CCDS7720.1_ex0_11:840443-840466:+_4-2","POLR2L",-3.82954517050089,0.54272170498612,19.6177392891999,9.45869119434204e-06,0.00155860745170411
"SNRPB_CCDS13026.1_ex4_20:2446412-2446435:-_5-5","SNRPB",-4.36609533257048,0.268884196036886,19.6132683372494,9.48085058950207e-06,0.00155860745170411
"ABCF1_CCDS34380.1_ex13_6:30552235-30552258:+_5-5","ABCF1",-2.71917427833383,1.16642558099053,19.6132019958123,9.48117978995234e-06,0.00155860745170411
"TUBGCP3_CCDS66584.1_ex19_13:113223531-113223554:+_5-5","TUBGCP3",-2.83139815584506,1.1953875955998,19.6035225452685,9.52933450460644e-06,0.00156362261687992
"RPS14_CCDS4307.1_ex2_5:149826442-149826465:+_5-1","RPS14",-3.59403528778515,0.244319939101893,19.5952378115478,9.570745575932e-06,0.00156751475508508
"MCM7_CCDS5683.1_ex8_7:99695864-99695887:-_5-4","MCM7",-3.41209231912104,1.59620851288753,19.5278803522096,9.91420720976393e-06,0.00162077166794897
"ZNHIT2_CCDS8094.1_ex0_11:64884526-64884549:+_5-1","ZNHIT2",-2.66335225345224,1.30447201111103,19.5068644438527,1.00238818476436e-05,0.00163568337935969
"THOC5_CCDS13859.1_ex16_22:29939447-29939470:-_5-5","THOC5",-3.32780607479014,1.01503321359744,19.4828411134861,1.01507441839855e-05,0.00165033474187477
"TUT1_CCDS8021.2_ex3_11:62344678-62344701:+_5-1","TUT1",-3.664526278181,0.268463148018231,19.4828079939633,1.01509201896232e-05,0.00165033474187477
"CACTIN_CCDS45920.1_ex4_19:3618909-3618932:+_5-1","CACTIN",-2.70013513302151,1.72847828931574,19.473309664742,1.02015234112894e-05,0.00165552414538591
"SF3B4_CCDS941.1_ex3_1:149898666-149898689:+_5-3","SF3B4",-3.57787284448658,0.73534239565149,19.4675866595945,1.02321354528581e-05,0.00165729657032788
"TUBA1C_CCDS8782.1_ex2_12:49663606-49663629:-_5-1","TUBA1C",-3.90281593637322,0.304096841540248,19.4630453251907,1.02564924228409e-05,0.00165729657032788
"INTS9_CCDS34873.1_ex7_8:28651437-28651460:+_5-2","INTS9",-3.24956611661755,0.0547561380949527,19.4593792823156,1.02761973199104e-05,0.00165729657032788
"VARS_CCDS34412.1_ex28_6:31762678-31762701:-_5-5","VARS",-3.90417718871696,0.357340686819724,19.4573238701307,1.02872617393893e-05,0.00165729657032788
"RPS7_CCDS1648.1_ex1_2:3623456-3623479:+_5-1","RPS7",-2.69199126810393,2.34066412608523,19.4462782550727,1.03469262030305e-05,0.00166388338138969
"PRPF3_CCDS951.1_ex5_1:150307447-150307470:-_5-4","PRPF3",-2.30234771700199,2.3355557639731,19.4360140460951,1.04026812133803e-05,0.00166981878911735
"HMGCS1_CCDS34154.1_ex7_5:43298204-43298227:+_5-3","HMGCS1",-4.27182401923957,-0.237210416832882,19.4162463829412,1.05109102108046e-05,0.00168163881162644
"AURKB_CCDS11134.1_ex3_17:8110110-8110133:+_5-1","AURKB",-2.80822019360397,1.63605999433648,19.4156349916711,1.05142755754807e-05,0.00168163881162644
"NIFK_CCDS2135.1_ex5_2:122493211-122493234:+_5-2","NIFK",-3.02152754817926,0.826245988834472,19.4113092720512,1.05381171540601e-05,0.00168241515054532
"XRCC5_CCDS2402.1_ex6_2:216990698-216990721:-_5-5","XRCC5",-1.7341490854432,3.68961110410472,19.3830021748798,1.06954797659398e-05,0.00170446705061307
"AARS_CCDS32474.1_ex13_16:70302238-70302261:+_5-2","AARS",-2.56766854410226,2.02544447894403,19.3636998398588,1.08041347607025e-05,0.00171869149839642
"WDR33_CCDS2150.1_ex17_2:128522778-128522801:-_5-3","WDR33",-3.55351245172063,0.197445591794817,19.3582768271431,1.08348604670848e-05,0.00172049040599734
"RPS16_CCDS12535.1_ex2_19:39924324-39924347:-_5-2","RPS16",-3.13484824451986,0.37319998670681,19.3464613592808,1.09021087294899e-05,0.00172653744493235
"SNRPE_CCDS30979.1_ex2_1:203832788-203832811:+_3-1","SNRPE",-3.6855570559128,0.915686042106308,19.3431651157378,1.09209441066369e-05,0.00172653744493235
"SRSF3_CCDS4823.1_ex0_6:36564723-36564746:+_5-2","SRSF3",-3.74672464560748,0.351744754125237,19.3401913287093,1.09379649405822e-05,0.00172653744493235
"EIF3G_CCDS12227.1_ex5_19:10227786-10227809:+_5-3","EIF3G",-2.77042251750381,1.67789502356233,19.3379372494231,1.0950884184502e-05,0.00172653744493235
"UPF1_CCDS12386.1_ex11_19:18966760-18966783:+_5-5","UPF1",-3.29921911173997,0.840888186463772,19.3241840347071,1.10300432968312e-05,0.00173592898109951
"PSMB2_CCDS394.1_ex3_1:36096924-36096947:-_5-5","PSMB2",-3.94469161613559,-0.251915972664212,19.2838164860477,1.12657199623881e-05,0.00176987656558043
"POLR1C_CCDS4901.1_ex4_6:43487846-43487869:-_5-4","POLR1C",-2.67768373560233,1.8660563320613,19.2687888255603,1.13547414342815e-05,0.00178070481332026
"CLP1_CCDS44600.1_ex0_11:57427312-57427335:-_5-4","CLP1",-2.55416897544608,1.5970073822234,19.2596995965558,1.14089270559101e-05,0.00178476399963791
"GNL3_CCDS2861.1_ex5_3:52723099-52723122:-_5-3","GNL3",-2.58819534260166,1.60700702916583,19.257695333215,1.14209104100704e-05,0.00178476399963791
"PRPF6_CCDS13550.1_ex8_20:62632484-62632507:-_5-4","PRPF6",-3.36811428759025,0.954638049949489,19.230957856302,1.15819862117187e-05,0.00180674906738653
"ANAPC2_CCDS7033.1_ex11_9:140082458-140082481:-_5-4","ANAPC2",-1.80808858040302,3.05223436272722,19.2011971274878,1.17639594420979e-05,0.0018319110550554
"GPN2_CCDS289.1_ex3_1:27215514-27215537:+_5-1","GPN2",-2.25430806686816,2.12993049606452,19.1972904773513,1.17880590390918e-05,0.00183244343722415
"NFS1_CCDS13262.1_ex10_20:34285697-34285720:+_5-4","NFS1",-2.70756391931259,1.63305545390228,19.1918786118148,1.18215260386078e-05,0.00183442755897877
"PSMA4_CCDS10303.1_ex4_15:78837238-78837261:-_5-1","PSMA4",-2.6536020451114,1.16793665069277,19.1826055905668,1.18790924016181e-05,0.00184002040708947
"SUPT5H_CCDS12536.1_ex15_19:39960832-39960855:-_5-5","SUPT5H",-2.26109501301931,2.22488576470265,19.1793931801497,1.18991004363392e-05,0.00184002040708947
"RPLP1_CCDS10233.1_ex2_15:69747586-69747609:-_7-7","RPLP1",-2.22374195834315,2.02070891177935,19.1278030680676,1.22250975545818e-05,0.00188413224998034
"CBWD1_CCDS47947.1_ex11_9:173354-173377:-_3-3","CBWD1",-2.56557059726607,2.58550916080209,19.127522840944,1.22268925776888e-05,0.00188413224998034
"PSMC3_CCDS7935.1_ex6_11:47445667-47445690:-_5-2","PSMC3",-2.41126665671913,1.93850089761879,19.1164686401305,1.22979129272718e-05,0.00189178623755876
"RPS18_CCDS4771.1_ex1_6:33240486-33240509:-_5-1","RPS18",-3.87483751458868,-0.0730700764713667,19.0993040042945,1.24090131739702e-05,0.00189982518184341
"RPL27_CCDS11449.1_ex2_17:41154685-41154708:-_5-4","RPL27",-3.6047170328559,0.142684174195868,19.0986497006698,1.24132681215545e-05,0.00189982518184341
"SF3B5_CCDS5204.1_ex0_6:144416546-144416569:-_5-5","SF3B5",-2.9683514522121,1.46147599986282,19.0951856132514,1.24358195653573e-05,0.00189982518184341
"SART3_CCDS9117.1_ex14_12:108938208-108938231:+_5-3","SART3",-2.97333033609355,1.34680430685738,19.0951676399466,1.24359366800124e-05,0.00189982518184341
"NSL1_CCDS1509.1_ex5_1:212964961-212964984:+_5-5","NSL1",-2.14814440242484,2.62989601082194,19.0783678138862,1.25458907038624e-05,0.00190611969410358
"CDK1_CCDS44408.1_ex2_10:62545509-62545532:-_5-4","CDK1",-2.63246095159401,1.5296931628805,19.0742374580787,1.257307286798e-05,0.00190611969410358
"PRPF38A_CCDS567.1_ex1_1:52871355-52871378:+_5-1","PRPF38A",-4.69756206160343,-1.16902133449391,19.0721940635556,1.25865424516541e-05,0.00190611969410358
"KIF23_CCDS32278.1_ex8_15:69718719-69718742:-_5-3","KIF23",-3.22917050571811,0.672788314922747,19.0718733189888,1.25886580410264e-05,0.00190611969410358
"PGAM1_CCDS7458.1_ex1_10:99190177-99190200:+_5-2","PGAM1",-2.80896722043273,1.43277644539496,19.068241224421,1.26126397959149e-05,0.00190611969410358
"POLR2E_CCDS12056.1_ex5_19:1093936-1093959:+_5-3","POLR2E",-2.86359905624597,1.27336724378383,19.0636193753234,1.26432229852826e-05,0.00190611969410358
"HNRNPK_CCDS6667.1_ex9_9:86588837-86588860:+_5-3","HNRNPK",-2.30328251669239,1.89800291898836,19.0609205022645,1.2661116099305e-05,0.00190611969410358
"RPAP1_CCDS10079.1_ex14_15:41820081-41820104:+_5-4","RPAP1",-2.49432051728623,1.32616166290267,19.0603886026135,1.26646455110015e-05,0.00190611969410358
"MCM3_CCDS4940.2_ex12_6:52144267-52144290:+_5-1","MCM3",-2.53091984791241,2.02398097519977,19.0594689344305,1.26707502858385e-05,0.00190611969410358
"WDR74_CCDS44630.1_ex8_11:62606625-62606648:+_5-4","WDR74",-2.67197660807896,1.33597254638331,19.0477399012174,1.274886750469e-05,0.00191462060020435
"INO80_CCDS10071.1_ex20_15:41350876-41350899:+_5-2","INO80",-1.97965394727999,3.037634241914,19.0432482991808,1.2778910194867e-05,0.00191588513828492
"MAL_CCDS2006.1_ex2_2:95715375-95715398:-_15-11","MAL",-2.0365264344286,2.51183742236312,19.0363354569709,1.28252866529804e-05,0.00191949021644966
"SEC61A1_CCDS3046.1_ex6_3:127779487-127779510:+_5-5","SEC61A1",-2.67589305556366,1.7734770148695,19.0332140965638,1.28462824002285e-05,0.00191949021644966
"RPS20_CCDS55231.1_ex3_8:56986607-56986630:+_5-5","RPS20",-3.05711131539267,0.96993036042168,18.9928602394402,1.31208498241196e-05,0.0019572155210706
"PSMD12_CCDS11669.1_ex7_17:65346348-65346371:-_5-2","PSMD12",-4.13270673426365,-0.137513310056235,18.988125686973,1.31534475904205e-05,0.00195878046587698
"PRIM1_CCDS44926.1_ex9_12:57140571-57140594:+_5-2","PRIM1",-3.49507355813879,1.17797992354527,18.9769359093126,1.32308137266628e-05,0.00196699577359847
"NARS_CCDS32837.1_ex6_18:55274835-55274858:-_5-3","NARS",-2.82222817253589,1.46833900033531,18.9319296718074,1.35466302146384e-05,0.00201011976888123
"RPS23_CCDS47241.1_ex1_5:81572231-81572254:+_5-1","RPS23",-3.87558206406481,-0.00186577632151503,18.9291678182313,1.35662553528088e-05,0.00201011976888123
"SRCAP_CCDS10689.2_ex15_16:30727694-30727717:+_5-4","SRCAP",-2.35096109016399,1.89853340338867,18.9183161690045,1.36436417333795e-05,0.00201821121774261
"RMI2_CCDS10548.1_ex0_16:11439507-11439530:+_5-2","RMI2",-2.61992547172737,1.53403700966184,18.9087047600769,1.37125537406875e-05,0.00202502422791227
"HIST1H3B_CCDS4573.1_ex0_6:26032067-26032090:+_5-1","HIST1H3B",-3.03881506399822,1.1041136982419,18.8622703089217,1.40504361942456e-05,0.0020714691338225
"ATP6V0D1_CCDS10838.1_ex6_16:67487490-67487513:-_5-3","ATP6V0D1",-2.3990245407609,1.74020770557615,18.851090064071,1.41330311105008e-05,0.00208018497438046
"SNRPA1_CCDS10391.1_ex5_15:101827873-101827896:+_5-3","SNRPA1",-4.20029317399378,-0.279010890468373,18.8477878014701,1.41575199866778e-05,0.00208033369144207
"SEC13_CCDS2599.1_ex4_3:10353741-10353764:+_5-2","SEC13",-2.26342392154064,1.79199378021472,18.8114778742786,1.44296135996751e-05,0.00211680520300134
"RPA1_CCDS11014.1_ex6_17:1779078-1779101:-_5-3","RPA1",-3.137375109469,0.847049837158729,18.7909481876146,1.45857736862531e-05,0.00213324655987671
"DHDDS_CCDS281.1_ex1_1:26764753-26764776:+_5-2","DHDDS",-2.88982232248629,0.920242629527406,18.7889391376936,1.46011465101265e-05,0.00213324655987671
"NFS1_CCDS13262.1_ex6_20:34268776-34268799:+_5-1","NFS1",-2.53799154010308,2.41693118906591,18.787133004517,1.46149805481195e-05,0.00213324655987671
"CDC27_CCDS11509.1_ex14_17:45235645-45235668:-_5-4","CDC27",-4.28704906882649,-0.258147392776791,18.7841325098634,1.46379918787107e-05,0.00213324655987671
"NDC80_CCDS11827.1_ex3_18:2578068-2578091:-_5-3","NDC80",-3.36509244610094,0.596049484388732,18.7679948525757,1.47623800745057e-05,0.00214784145957578
"VCP_CCDS6573.1_ex14_9:35067898-35067921:-_5-5","VCP",-4.41655744047893,-0.298883840849948,18.7590790301288,1.48315574764448e-05,0.00215161396441007
"RRM1_CCDS7750.1_ex6_11:4133245-4133268:+_5-2","RRM1",-2.85318694996505,1.57512771410346,18.757233830467,1.48459148982129e-05,0.00215161396441007
"SNRNP35_CCDS45005.1_ex1_12:123950301-123950324:-_5-2","SNRNP35",-2.48424059784218,2.15133550994944,18.7552767929813,1.48611577795969e-05,0.00215161396441007
"VCP_CCDS6573.1_ex13_9:35066670-35066693:-_5-3","VCP",-3.72151349249223,0.421595881810586,18.7156628625579,1.51731027895182e-05,0.00219319403877333
"PISD_CCDS13899.1_ex4_22:32017827-32017850:+_5-3","PISD",-2.71554998891894,1.49704550636639,18.6910884260402,1.53699141964344e-05,0.00221802380666005
"DHX16_CCDS4685.1_ex15_6:30633470-30633493:-_5-4","DHX16",-3.76288655181468,0.25111122638124,18.6815138342519,1.54472873663308e-05,0.00222237472189518
"PSMB4_CCDS996.1_ex1_1:151372545-151372568:-_5-3","PSMB4",-2.64142804910602,1.31705687502481,18.6810286461135,1.54512186150526e-05,0.00222237472189518
"RPL6_CCDS9162.1_ex4_12:112846064-112846087:-_5-4","RPL6",-2.96416692706423,0.67047779012806,18.6750623093116,1.54996432388215e-05,0.00222237472189518
"RPS27A_CCDS33202.1_ex2_2:55461286-55461309:+_5-2","RPS27A",-5.3491230038808,-1.72890629739538,18.6749704182128,1.5500390245934e-05,0.00222237472189518
"ATP6V1G1_CCDS6807.1_ex2_9:117359843-117359866:+_5-4","ATP6V1G1",-2.20665442005991,1.90261259117077,18.6583914279651,1.56357587772737e-05,0.00223816161909388
"DTL_CCDS1502.1_ex7_1:212240192-212240215:+_5-3","DTL",-2.71308457802334,1.64952433753874,18.6402478483213,1.57852634965066e-05,0.0022559178344701
"MCRS1_CCDS31795.1_ex4_12:49953565-49953588:+_5-1","MCRS1",-2.72959563291631,2.41054592567477,18.6109604047886,1.60296302558618e-05,0.00228715204259402
"GPN1_CCDS1760.2_ex6_2:27858063-27858086:-_5-1","GPN1",-4.19657219704306,-0.100632272202923,18.5858011453381,1.62425845867978e-05,0.00231381101269744
"PLK1_CCDS10616.1_ex1_16:23691493-23691516:-_5-4","PLK1",-3.77554194779984,0.592125188152575,18.5696341379692,1.63809236129457e-05,0.00232977225946817
"DHX15_CCDS33966.1_ex10_4:24557965-24557988:+_5-2","DHX15",-2.43777397047459,1.6441171895104,18.5450225866093,1.65937971790202e-05,0.00235507202017224
"RUVBL2_CCDS42588.1_ex5_19:49510597-49510620:-_5-3","RUVBL2",-2.61947510153536,1.2208662603093,18.5429364946399,1.6611967729134e-05,0.00235507202017224
"ANAPC10_CCDS43273.1_ex1_4:145985754-145985777:-_5-3","ANAPC10",-3.23964495556395,0.500788360565654,18.5056946171468,1.69397410045325e-05,0.00239769546453142
"RPL10A_CCDS4806.1_ex2_6:35436786-35436809:+_5-1","RPL10A",-3.82418806226542,-0.15747165360661,18.5026591886364,1.69667410362865e-05,0.00239769546453142
"CCT7_CCDS42696.1_ex4_2:73477467-73477490:+_5-4","CCT7",-2.9711941825376,1.61495472964051,18.4950192045609,1.70348899100632e-05,0.00240349276332972
"CTDP1_CCDS12017.1_ex4_18:77464895-77464918:+_5-5","CTDP1",-2.69161004012147,2.01926689337273,18.4878318308492,1.70992524723298e-05,0.00240873825844715
"RPL19_CCDS42312.1_ex2_17:37358560-37358583:+_5-1","RPL19",-2.79840295892906,2.09032158329707,18.4619481504563,1.73330700522502e-05,0.00243780000801536
"RPL8_CCDS6433.1_ex2_8:146016816-146016839:+_5-1","RPL8",-4.38749393432955,0.297813916717472,18.4174555132061,1.77425200721309e-05,0.00249143222426502
"DDX54_CCDS31907.1_ex14_12:113614854-113614877:+_5-4","DDX54",-1.7171043718831,2.78624482727079,18.3967850775658,1.79360345864442e-05,0.00251462069709885
"DTL_CCDS1502.1_ex9_1:212241948-212241971:+_5-5","DTL",-2.86011436109614,1.37046621256414,18.3825129467335,1.80708848031526e-05,0.00252952420042361
"SPC24_CCDS45974.1_ex3_19:11259847-11259870:-_5-4","SPC24",-4.19997958695411,-0.503639366570009,18.3399274068271,1.84793380222994e-05,0.00258192210254176
"EFTUD2_CCDS11489.1_ex14_17:42942387-42942410:+_5-3","EFTUD2",-2.30551847230577,2.20771021701869,18.3374386526056,1.85034933877392e-05,0.00258192210254176
"RRS1_CCDS6189.1_ex0_8:67341652-67341675:-_5-4","RRS1",-1.89398747393162,2.95829261287031,18.3320138490575,1.85562554541336e-05,0.00258521316158642
"MCM2_CCDS3043.1_ex4_3:127325092-127325115:-_5-4","MCM2",-3.21580729829706,1.08540742515762,18.3017789194308,1.88531035004492e-05,0.00262244597921633
"RPS3_CCDS58161.1_ex3_11:75113453-75113476:+_5-4","RPS3",-4.43037155546786,-1.63406497216052,18.2938106421125,1.89321276442304e-05,0.00262931050477222
"CDC5L_CCDS4912.1_ex3_6:44361276-44361299:-_5-3","CDC5L",-2.9153247183984,1.32195303760493,18.2871350938056,1.89985874470604e-05,0.00263441132916156
"TUT1_CCDS8021.2_ex7_11:62356627-62356650:+_5-3","TUT1",-3.11534059265857,0.675467799483773,18.2819878075839,1.90499923061598e-05,0.00263741190356187
"CDCA8_CCDS424.1_ex5_1:38167411-38167434:+_5-4","CDCA8",-2.36315574924791,1.52210068252531,18.2507248233674,1.936522452866e-05,0.00267687220684314
"DARS_CCDS2180.1_ex7_2:136680352-136680375:-_5-2","DARS",-2.87943724168118,0.941289076486336,18.2397195154312,1.94774363586341e-05,0.00268818960435068
"INTS4_CCDS31644.1_ex21_11:77702190-77702213:+_5-5","INTS4",-1.68817451281491,3.08269759250516,18.2354882089648,1.95207530611735e-05,0.00268997798715138
"NUP85_CCDS32730.1_ex6_17:73214319-73214342:-_5-2","NUP85",-2.11726051149053,2.46427357225894,18.2197272576792,1.96829543065601e-05,0.00270811777839606
"MT1E_CCDS10764.2_ex2_16:56660821-56660844:-_2-2","MT1E",-2.30333945944265,2.17348563422092,18.2087155212265,1.97970825838905e-05,0.00271959736345457
"YRDC_CCDS30675.1_ex4_1:38273521-38273544:-_5-4","YRDC",-3.06744727528281,1.60386023046149,18.1930382361763,1.99607136695368e-05,0.00273783126223372
"IK_CCDS47280.1_ex2_5:140031325-140031348:+_5-1","IK",-2.3276896679602,2.10107598531334,18.1761319464405,2.01386954888166e-05,0.00275670692815823
"RPLP0_CCDS9193.1_ex1_12:120635248-120635271:+_5-1","RPLP0",-2.7691615426996,1.23353264306488,18.1740659440099,2.0160554470877e-05,0.00275670692815823
"ZNF492_CCDS46032.1_ex1_19:22836795-22836818:+_5-1","ZNF492",-2.9424173354862,0.986962789291866,18.1423769781907,2.04988364566413e-05,0.00279864391845479
"NIP7_CCDS10877.1_ex2_16:69374189-69374212:+_5-4","NIP7",-2.47989673367656,2.30727317278267,18.1308789635123,2.06229835619447e-05,0.00281126166383027
"EIF3B_CCDS5332.1_ex5_7:2404021-2404044:+_5-5","EIF3B",-3.10503551643943,0.280557015540984,18.1261719210024,2.06740243975814e-05,0.00281389033144715
"ATP6V1E1_CCDS13745.1_ex3_22:18082842-18082865:+_5-2","ATP6V1E1",-3.61204027341515,0.469536393157856,18.119036676834,2.07516375523368e-05,0.00282012208123061
"KRTAP21-2_CCDS13605.1_ex0_21:32119365-32119388:-_5-2","KRTAP21-2",-1.77122976743086,2.92428471788296,18.1028579526823,2.09287066759731e-05,0.00283982999040011
"IARS_CCDS6694.1_ex18_9:95027341-95027364:+_5-1","IARS",-2.39862770109336,1.81582907282942,18.0986360331129,2.09751629734396e-05,0.00284178178964004
"WBSCR22_CCDS5557.1_ex5_7:73105293-73105316:-_5-5","WBSCR22",-2.19601314420081,2.14425753976783,18.0775152695836,2.12091275106908e-05,0.00286909305681263
"EIF2S2_CCDS13231.1_ex3_20:32684507-32684530:-_5-1","EIF2S2",-3.03296944432722,1.41444426503204,18.0590516466516,2.1415804613961e-05,0.0028899351525464
"POLD1_CCDS12795.1_ex4_19:50905613-50905636:+_5-3","POLD1",-2.72126307300617,1.1440430721519,18.0556942520476,2.14536032833923e-05,0.0028899351525464
"PHB2_CCDS53741.1_ex6_12:7077675-7077698:-_5-1","PHB2",-3.30857300867946,0.758895523448189,18.0550339789426,2.14610447416149e-05,0.0028899351525464
"SKP1_CCDS4171.1_ex2_5:133496782-133496805:+_5-2","SKP1",-2.3566460539546,1.954262469344,18.0492956461133,2.15258266204761e-05,0.00289426008123506
"PAM16_CCDS10512.1_ex2_16:4391421-4391444:+_5-3","PAM16",-2.95715443717104,0.721082450309125,18.0398372542866,2.16330345171543e-05,0.00289748697822394
"ABCF1_CCDS34380.1_ex10_6:30551444-30551467:+_5-4","ABCF1",-2.71616932570237,1.62097751484297,18.0386085940488,2.16470003061957e-05,0.00289748697822394
"HEATR1_CCDS31066.1_ex39_1:236760189-236760212:+_5-4","HEATR1",-2.16993761427734,2.17182371112891,18.0385269363869,2.16479288037407e-05,0.00289748697822394
"PREB_CCDS1738.1_ex6_2:27356015-27356038:-_5-2","PREB",-2.21966368591629,2.03099366680578,18.0189682193938,2.18714798946811e-05,0.00292299298272717
"ANAPC11_CCDS11789.1_ex1_17:79857840-79857863:-_9-9","ANAPC11",-4.00441578905836,-0.0891514437692708,18.0046498987231,2.20366037730024e-05,0.00294062547275701
"NPLOC4_CCDS45812.1_ex10_17:79573757-79573780:+_5-3","NPLOC4",-1.8980366023822,2.39276439929687,18.000429650716,2.2085511716049e-05,0.00294272007686051
"TXNL4A_CCDS32852.1_ex2_18:77748238-77748261:+_5-3","TXNL4A",-3.02964227951933,1.43007522073952,17.9872419287156,2.22390465977186e-05,0.00295721129009818
"CIRH1A_CCDS10872.1_ex4_16:69177224-69177247:-_5-5","CIRH1A",-2.18563927542955,1.72566515328841,17.9853620392537,2.22610199139504e-05,0.00295721129009818
"CCNK_CCDS45160.1_ex5_14:99968589-99968612:+_5-3","CCNK",-3.42979969302608,0.784261539661381,17.9315412296987,2.28994484762461e-05,0.00303746786180579
"SRSF2_CCDS11749.1_ex1_17:74733011-74733034:-_5-3","SRSF2",-2.7731733190363,1.35913060560942,17.891661176293,2.33843481307806e-05,0.00308887269287615
"PSMB7_CCDS6855.1_ex6_9:127177133-127177156:-_5-5","PSMB7",-2.67698890986316,1.9563262396886,17.8913146787146,2.33886060733588e-05,0.00308887269287615
"RPL21_CCDS9320.1_ex3_13:27830316-27830339:-_5-5","RPL21",-3.29729670197325,0.550301213586637,17.8910734061397,2.33915714163815e-05,0.00308887269287615
"KRTAP9-4_CCDS11386.1_ex0_17:39406090-39406113:-_2-1","KRTAP9-4",-2.57794910152436,1.25531912529217,17.8830146308097,2.34908345310288e-05,0.00309736441139337
"DDX27_CCDS13416.1_ex6_20:47842997-47843020:-_5-4","DDX27",-1.985186440882,2.69286747025592,17.8738339023712,2.36044330091292e-05,0.00310771826330892
"PRPF38A_CCDS567.1_ex3_1:52876850-52876873:+_5-5","PRPF38A",-3.32062450269491,1.0255627618214,17.862857357829,2.37409768751026e-05,0.0031199230005573
"IGBP1_CCDS14396.1_ex1_X:69354401-69354424:-_5-2","IGBP1",-2.59872705545313,1.36125611047729,17.8607281185977,2.37675555309593e-05,0.0031199230005573
"RPS15_CCDS12067.1_ex2_19:1440173-1440196:+_5-4","RPS15",-3.68043572737269,0.0821412801399299,17.8560778898485,2.38257069400128e-05,0.00312292986557215
"LELP1_CCDS30869.1_ex0_1:153177345-153177368:-_5-4","LELP1",-2.7917578289869,1.0625176798263,17.8294012674589,2.41620729308104e-05,0.00316234067076424
"DDX20_CCDS842.1_ex0_1:112298798-112298821:-_5-4","DDX20",-2.35173620475146,1.86190040783649,17.7936874584217,2.46198712634163e-05,0.00321750488667591
"COPA_CCDS1202.1_ex19_1:160276979-160277002:+_5-2","COPA",-3.39733020842183,0.420935472741273,17.7756830329092,2.48539557083561e-05,0.00324331310676672
"WDR33_CCDS2150.1_ex16_2:128522482-128522505:-_5-1","WDR33",-3.66271372679587,0.254641691281983,17.7672678412893,2.49641314121118e-05,0.00325289974691409
"RPL4_CCDS10218.1_ex6_15:66795074-66795097:-_5-5","RPL4",-3.29689571964338,0.482348617969837,17.7573444126374,2.50946844173634e-05,0.00326510955577812
"DDX24_CCDS9918.1_ex6_14:94528511-94528534:-_5-1","DDX24",-2.53504968511626,2.21747895986904,17.7442834527005,2.52675611808051e-05,0.00328278229616776
"WDR74_CCDS44630.1_ex9_11:62606802-62606825:+_5-5","WDR74",-2.97694172480342,1.31946610213229,17.7261742276595,2.55092392195724e-05,0.00330932891696842
"ATP5J2_CCDS34692.1_ex1_7:99057760-99057783:-_7-7","ATP5J2",-2.46044455674217,1.63700591971827,17.7230635200794,2.55509865552837e-05,0.0033098987057273
"SF3B3_CCDS10894.1_ex11_16:70588944-70588967:+_5-4","SF3B3",-3.88276007935119,-0.251279865189413,17.7154086631548,2.56540113397737e-05,0.00331839318068904
"WARS_CCDS9960.1_ex7_14:100826922-100826945:+_5-5","WARS",-2.08591004394255,2.55912284740377,17.7079682044397,2.57545506265993e-05,0.00332654185542341
"NEFM_CCDS47831.1_ex1_8:24774683-24774706:-_5-3","NEFM",-2.93743450232034,1.25170050964108,17.6986274203131,2.58813287972542e-05,0.00333805097439521
"RPS24_CCDS44443.1_ex2_10:79795287-79795310:-_7-2","RPS24",-1.79700844475475,2.56182049427251,17.6864620101351,2.60473850191643e-05,0.00335458517006987
"BRF1_CCDS10001.1_ex12_14:105707726-105707749:+_13-6","BRF1",-2.8243420138948,0.876675088374428,17.6642091785341,2.63539084451873e-05,0.00338913557575366
"RNPS1_CCDS10465.1_ex4_16:2313117-2313140:+_5-3","RNPS1",-1.96506378012653,2.24073467522786,17.632028719747,2.68036033938085e-05,0.00344163239847908
"RFC2_CCDS5567.1_ex7_7:73664097-73664120:-_5-3","RFC2",-2.92239814326251,0.814573887128355,17.6294615695976,2.68398075451893e-05,0.00344163239847908
"USPL1_CCDS9336.1_ex2_13:31205504-31205527:+_5-4","USPL1",-2.31543581776486,2.33784316161674,17.6200490531913,2.69729718191925e-05,0.00345370974134591
"GTF2E2_CCDS6078.1_ex3_8:30469865-30469888:+_5-1","GTF2E2",-2.59124271226238,1.59984043250074,17.6043967741251,2.71958852282099e-05,0.00347722742645132
"ELL_CCDS12380.1_ex8_19:18576302-18576325:-_5-2","ELL",-3.41259497172464,0.597109006239549,17.6005539113144,2.72508961844818e-05,0.00347924050046426
"TBC1D3F_CCDS45657.1_ex5_17:36288668-36288691:-_5-4","TBC1D3F",-1.96057046989353,3.87894789012706,17.5738708281927,2.76359634025206e-05,0.00351932812414315
"DDX41_CCDS4427.1_ex13_5:176943125-176943148:-_5-2","DDX41",-1.96540439922076,2.42303957893631,17.5732961008098,2.76443172516944e-05,0.00351932812414315
"MAX_CCDS41965.1_ex2_14:65560502-65560525:-_11-11","MAX",-2.86563069123589,0.819934134289423,17.5678652717169,2.77233815054682e-05,0.00352013044538429
"YARS_CCDS368.1_ex7_1:33256787-33256810:+_5-2","YARS",-2.74885965132511,1.09407728928115,17.5674061987129,2.7730075286981e-05,0.00352013044538429
"CD1E_CCDS41417.1_ex3_1:158325633-158325656:+_24-12","CD1E",-1.86171847035778,2.83184432541454,17.5645856590021,2.77712374686852e-05,0.00352026664661275
"WDR74_CCDS44630.1_ex6_11:62603236-62603259:-_5-3","WDR74",-2.06700526202328,2.30220671545145,17.5609274475309,2.78247158768196e-05,0.00352026664661275
"PISD_CCDS13899.1_ex3_22:32017441-32017464:-_5-1","PISD",-3.03648405439353,0.475385944282493,17.5591773587372,2.78503365378816e-05,0.00352026664661275
"PREB_CCDS1738.1_ex7_2:27356498-27356521:-_5-5","PREB",-3.24033734184082,0.536304233290318,17.5377056033029,2.8166611662031e-05,0.00355517206969504
"PWP2_CCDS33579.1_ex10_21:45540340-45540363:-_5-5","PWP2",-2.23266750106238,2.3675585926071,17.5304994905059,2.82735633452529e-05,0.00356359509782287
"BANF1_CCDS8125.1_ex0_11:65770827-65770850:+_5-2","BANF1",-3.53788198204877,0.417863403264479,17.5228453623449,2.83876113779336e-05,0.00357288734908122
"RPS20_CCDS55231.1_ex2_8:56986311-56986334:+_5-4","RPS20",-3.62989784945252,-0.063151952943216,17.5015125827712,2.87079198201642e-05,0.00360807651572407
"POLD1_CCDS12795.1_ex3_19:50905254-50905277:+_5-2","POLD1",-3.82048019704951,0.231826388830738,17.4871781733936,2.89251865536083e-05,0.00363023382403544
"SF3A2_CCDS12084.1_ex5_19:2246883-2246906:+_5-3","SF3A2",-2.16837691176832,2.09067788067364,17.4723404680466,2.91518224482929e-05,0.00365350265891576
"PSMB1_CCDS34577.1_ex2_6:170852779-170852802:-_5-2","PSMB1",-5.03003242060011,-1.4980587994202,17.4665314169913,2.92410370978212e-05,0.00365950753261235
"SF3B3_CCDS10894.1_ex11_16:70589081-70589104:+_5-5","SF3B3",-3.32501266740893,0.463125183184863,17.4575268933948,2.93798700030281e-05,0.00367169641958859
"ANAPC11_CCDS11789.1_ex1_17:79857803-79857826:-_9-7","ANAPC11",-2.74108217548408,2.00550642879303,17.4316688051915,2.97822469640595e-05,0.0037167405274612
"TWISTNB_CCDS34606.1_ex2_7:19744396-19744419:+_5-2","TWISTNB",-2.77891390241035,1.8988112236411,17.4034751201682,3.02272822547059e-05,0.00376697408081642
"DHX37_CCDS9261.1_ex23_12:125465040-125465063:+_5-4","DHX37",-2.00100606815927,2.17578253259205,17.391725999504,3.04147085383302e-05,0.00377907344355991
"CSE1L_CCDS13412.1_ex3_20:47683017-47683040:-_5-3","CSE1L",-3.80813303756628,0.0164888805997438,17.3897153478526,3.04469000313221e-05,0.00377907344355991
"LSM7_CCDS45907.1_ex2_19:2328393-2328416:-_5-5","LSM7",-3.14047801745708,0.384732123533241,17.3882608082359,3.04702092487014e-05,0.00377907344355991
"C21orf59_CCDS13617.1_ex6_21:33984436-33984459:+_5-5","C21orf59",-3.22614375493722,1.15526290785836,17.3867167735852,3.04949722608552e-05,0.00377907344355991
"NIFK_CCDS2135.1_ex5_2:122493279-122493302:+_5-4","NIFK",-2.63188658095789,1.20431726829983,17.3685681971584,3.07875570590844e-05,0.00380978565282299
"DMAP1_CCDS509.1_ex3_1:44684110-44684133:-_5-4","DMAP1",-1.96413212106098,2.35288234617338,17.3660241468024,3.08287961658813e-05,0.00380978565282299
"PSMA4_CCDS10303.1_ex5_15:78838051-78838074:-_5-4","PSMA4",-3.68954136069983,-0.635829922289818,17.3477620676354,3.1126458950618e-05,0.00384121312225412
"ERCC3_CCDS2144.1_ex7_2:128044453-128044476:+_5-1","ERCC3",-2.101446619938,2.19224601074678,17.3103383128337,3.17455032637976e-05,0.00391215864004457
"CDK1_CCDS44408.1_ex4_10:62551732-62551755:-_5-5","CDK1",-3.95361047246796,-0.768344418806989,17.2980298733984,3.19517952864967e-05,0.00393211218493795
"PMPCA_CCDS35180.1_ex6_9:139311500-139311523:+_5-5","PMPCA",-2.27498235620964,2.37147765267504,17.2709518850055,3.24103829801527e-05,0.00398301580352207
"DDX55_CCDS9251.1_ex0_12:124086781-124086804:+_5-1","DDX55",-2.3472792247783,1.32450677452166,17.2634638003726,3.25383633896543e-05,0.00398771739707195
"CCT4_CCDS33206.1_ex13_2:62115514-62115537:-_5-5","CCT4",-2.72459829382503,1.66945261923359,17.2627420582483,3.25507256396146e-05,0.00398771739707195
"GRPEL1_CCDS3396.1_ex1_4:7064145-7064168:-_5-3","GRPEL1",-2.55103474238861,1.52671389156932,17.2608208552875,3.25836556833633e-05,0.00398771739707195
"MCM5_CCDS13915.1_ex0_22:35796542-35796565:+_5-1","MCM5",-2.53329370694388,1.44680947153928,17.2577572361971,3.26362363917306e-05,0.00398864325755267
"SEC61G_CCDS5513.1_ex1_7:54823553-54823576:-_4-3","SEC61G",-2.49222060682076,2.06748687720344,17.2402599540195,3.29381797814179e-05,0.00402000049271668
"GTPBP4_CCDS31132.1_ex4_10:1043142-1043165:-_5-3","GTPBP4",-2.944754225886,0.841093451557997,17.2239472778858,3.32222094655276e-05,0.00404908815942578
"TBL3_CCDS10453.1_ex6_16:2025045-2025068:+_5-5","TBL3",-2.45046056455979,1.94957501236569,17.1798578307968,3.40022563443134e-05,0.00413268182587036
"ATP6V0C_CCDS10470.1_ex1_16:2569219-2569242:-_5-1","ATP6V0C",-3.22137120395576,1.14763047371447,17.1784723958627,3.40270640657593e-05,0.00413268182587036
"RPSA_CCDS2686.1_ex1_3:39450198-39450221:-_5-1","RPSA",-3.00410304089888,0.723696582807512,17.1773035719505,3.40480072781229e-05,0.00413268182587036
"CHD4_CCDS8552.1_ex27_12:6705241-6705264:-_5-2","CHD4",-2.90701865172628,1.25084893900136,17.1570708628323,3.44126010782784e-05,0.00417122152003
"COPB1_CCDS7815.1_ex10_11:14498549-14498572:-_5-1","COPB1",-3.60388367245451,0.147020765342601,17.1536262187249,3.44750633979175e-05,0.00417308397190694
"MCM6_CCDS2179.1_ex14_2:136627901-136627924:+_5-5","MCM6",-3.25423309963276,0.453580116702796,17.1460454783683,3.46129279010217e-05,0.00418372151592006
"SMC4_CCDS3189.1_ex4_3:160129745-160129768:-_5-3","SMC4",-2.32162969233746,1.98444650649571,17.1436078005068,3.46573775216726e-05,0.00418372151592006
"DRD5_CCDS3405.1_ex0_4:9784170-9784193:+_5-3","DRD5",-2.26855190505352,1.88622780686741,17.1266690650198,3.49678339609204e-05,0.00421314014288643
"TANGO6_CCDS45516.1_ex1_16:68894083-68894106:-_5-3","TANGO6",-2.42452413880028,2.14696526564136,17.1251302544396,3.49961757123041e-05,0.00421314014288643
"RPL36_CCDS12147.1_ex1_19:5691352-5691375:+_5-3","RPL36",-2.31277264238852,2.09427120963741,17.1209411267312,3.50734479373247e-05,0.00421671360642414
"FTSJ3_CCDS11644.1_ex18_17:61903914-61903937:+_5-5","FTSJ3",-2.96550332029348,0.648662223233488,17.1117095902329,3.5244337838245e-05,0.00423066879319668
"FAM91A1_CCDS6346.2_ex5_8:124790950-124790973:+_5-1","FAM91A1",-1.9471329883912,2.18908200990344,17.1078951240506,3.53151935781461e-05,0.00423066879319668
"GTPBP4_CCDS31132.1_ex3_10:1042119-1042142:-_5-2","GTPBP4",-2.81284663552522,1.88666398084417,17.1069504115976,3.533276422551e-05,0.00423066879319668
"CDC73_CCDS1382.1_ex1_1:193094259-193094282:+_5-1","CDC73",-4.31410537419423,-0.922077181186719,17.0980465174989,3.54987994833849e-05,0.00424481326184183
"PSMD6_CCDS2901.1_ex4_3:64004621-64004644:-_5-1","PSMD6",-4.10798840099797,-1.03328135129396,17.0697474118023,3.60317320978286e-05,0.00429719518041333
"MYC_CCDS6359.2_ex1_8:128750749-128750772:-_5-3","MYC",-2.70585677394984,1.45906172580508,17.0696353711198,3.60338579672607e-05,0.00429719518041333
"CDC5L_CCDS4912.1_ex4_6:44364106-44364129:+_5-4","CDC5L",-3.92110767366919,-0.327705179698501,17.0634031891266,3.61523066782603e-05,0.00430552592141658
"CSTF3_CCDS44563.1_ex0_11:33163238-33163261:+_8-5","CSTF3",-1.63230629270208,3.22479893398471,17.0426857621917,3.6548881877485e-05,0.00434691305723011
"RPL36_CCDS12147.1_ex0_19:5690598-5690621:-_5-1","RPL36",-1.8315615866535,3.0017995541543,17.0334255603215,3.6727552916619e-05,0.00436230771277472
"DIMT1_CCDS3981.1_ex9_5:61697918-61697941:-_5-3","DIMT1",-2.13986552852618,2.03348999084255,17.0272595637633,3.68470094606325e-05,0.0043659175305063
"PLRG1_CCDS34083.1_ex10_4:155467282-155467305:+_5-3","PLRG1",-3.05091440125685,0.682744711766372,17.0267709740964,3.68564918043779e-05,0.0043659175305063
"AARS_CCDS32474.1_ex18_16:70310945-70310968:-_5-5","AARS",-2.99077492502405,0.361797600752849,17.0238584746165,3.69130672876495e-05,0.00436678136193521
"HIST1H4A_CCDS4571.1_ex0_6:26022029-26022052:+_5-2","HIST1H4A",-2.24897799964529,2.00545087114506,17.0130277589596,3.71242215910055e-05,0.00438230128423693
"ZMAT5_CCDS13868.1_ex4_22:30144401-30144424:-_5-5","ZMAT5",-2.6984216837347,1.88027364472756,17.0102217255493,3.71791254246195e-05,0.00438230128423693
"MARS_CCDS8942.1_ex9_12:57894197-57894220:+_5-4","MARS",-2.61847114228099,2.33138408703401,17.0095319440977,3.71926344236979e-05,0.00438230128423693
"PRPF8_CCDS11010.1_ex30_17:1581846-1581869:-_5-4","PRPF8",-2.95556948065457,1.49197516414085,16.9980412698616,3.7418400186194e-05,0.0044030474992004
"ATP5L_CCDS8397.1_ex1_11:118277725-118277748:-_5-3","ATP5L",-1.89373521713883,3.021710685794,16.9926475363291,3.75248494274779e-05,0.00440971725248158
"BANF1_CCDS8125.1_ex1_11:65771149-65771172:-_5-5","BANF1",-3.67442627321535,0.543865058460533,16.9865117838497,3.76463131045342e-05,0.00441678219517264
"SNRNP48_CCDS4502.1_ex0_6:7590581-7590604:+_5-1","SNRNP48",-2.07434419404122,2.30871649913402,16.984540980883,3.76854110195107e-05,0.00441678219517264
"NOL6_CCDS6543.1_ex23_9:33472048-33472071:-_5-4","NOL6",-2.3829922740157,2.16570890054983,16.9812214495354,3.77513580752654e-05,0.00441678219517264
"PUF60_CCDS47933.1_ex4_8:144900053-144900076:+_5-1","PUF60",-2.66645878216034,1.78365528727869,16.9795624978999,3.77843588915069e-05,0.00441678219517264
"CENPM_CCDS14025.1_ex4_22:42342421-42342444:-_10-9","CENPM",-1.93849962511606,2.64169821168575,16.9674819097238,3.80255489418125e-05,0.00443609923619743
"WDR5_CCDS6981.1_ex2_9:137006683-137006706:+_5-1","WDR5",-2.3655481444315,1.33191612091241,16.9662744063131,3.80497417726795e-05,0.00443609923619743
"ANKLE2_CCDS41869.1_ex9_12:133324745-133324768:-_5-4","ANKLE2",-3.13591153941866,1.43007477237326,16.9557877861742,3.82604972801218e-05,0.00445480896452361
"UBA1_CCDS14275.1_ex6_X:47060911-47060934:+_5-4","UBA1",-2.47395407997871,1.53595705728568,16.9360474120601,3.86604195944933e-05,0.0044954660611413
"PSMA6_CCDS61437.1_ex3_14:35780065-35780088:+_5-2","PSMA6",-3.71862689094006,-0.164702953389457,16.9306771775393,3.87699409883919e-05,0.00450229278010151
"ORC6_CCDS10722.1_ex1_16:46724928-46724951:-_5-1","ORC6",-2.47885960663492,1.9297920076784,16.9074413117469,3.92474224800531e-05,0.00455177633019317
"DHX38_CCDS10907.1_ex11_16:72137566-72137589:-_5-5","DHX38",-3.1102487857614,0.43916905961197,16.9004646963871,3.93919379035222e-05,0.00455955673755664
"DHDDS_CCDS281.1_ex2_1:26769224-26769247:+_5-3","DHDDS",-3.79105496159634,-0.191888906031691,16.8992368975975,3.94174261445995e-05,0.00455955673755664
"POLR2G_CCDS31585.1_ex2_11:62530363-62530386:+_5-2","POLR2G",-3.37439477721549,0.738142812094332,16.8625139948565,4.01874797265414e-05,0.00464257083265962
"GPN3_CCDS53830.1_ex5_12:110897597-110897620:-_5-3","GPN3",-2.65907502782413,1.16119635068031,16.849139411099,4.04716770367001e-05,0.00466931434311699
"SRSF2_CCDS11749.1_ex1_17:74732974-74732997:+_5-2","SRSF2",-1.98923858844613,2.90966776343576,16.8446250579422,4.05680581491917e-05,0.00467434767277929
"RPL11_CCDS238.1_ex2_1:24020351-24020374:+_5-3","RPL11",-2.9638141794026,1.01669950821857,16.8358482664421,4.07561029011426e-05,0.00468570809154386
"PRELID1_CCDS4415.1_ex1_5:176731706-176731729:+_5-2","PRELID1",-2.22766378455871,2.14886255884501,16.8350886601019,4.07724187818016e-05,0.00468570809154386
"SEC13_CCDS2599.1_ex4_3:10353686-10353709:+_5-1","SEC13",-2.12772713478267,2.84713601940926,16.8194176545943,4.11104913818493e-05,0.0047184406727722
"EBNA1BP2_CCDS478.1_ex6_1:43637144-43637167:+_5-1","EBNA1BP2",-1.89349172959047,2.40943405229339,16.8037595570045,4.14511001749769e-05,0.00475000878361471
"DDX49_CCDS12390.1_ex1_19:19031383-19031406:-_5-1","DDX49",-2.21975475216233,1.93986936365656,16.8018536587919,4.14927521670969e-05,0.00475000878361471
"GNL3L_CCDS14360.1_ex6_X:54570698-54570721:+_5-4","GNL3L",-1.98885035119706,2.14728558440321,16.7858475404264,4.18442186650397e-05,0.00478067576024195
"ANAPC11_CCDS11789.1_ex0_17:79852455-79852478:-_9-1","ANAPC11",-3.7590322846992,-0.155186668035649,16.7814947523317,4.19403148894009e-05,0.00478067576024195
"GSPT1_CCDS45412.1_ex11_16:11990461-11990484:-_5-5","GSPT1",-2.09073597340988,2.82633270453468,16.7807421721187,4.19569520358108e-05,0.00478067576024195
"POLR2E_CCDS12056.1_ex5_19:1094022-1094045:-_5-5","POLR2E",-3.14597790233417,0.800116469641269,16.7787392922139,4.20012616500042e-05,0.00478067576024195
"RPAP1_CCDS10079.1_ex10_15:41817196-41817219:+_5-1","RPAP1",-3.29911560168961,0.555602494703399,16.7774229350937,4.20304089703686e-05,0.00478067576024195
"EIF3A_CCDS7608.1_ex15_10:120825013-120825036:+_5-4","EIF3A",-2.36040087027667,1.66123420925979,16.7377983696172,4.29173763322438e-05,0.0048753039067882
"GTF2B_CCDS715.1_ex1_1:89323036-89323059:+_5-1","GTF2B",-4.16566422826016,-1.06809412214956,16.733008334873,4.30258649286587e-05,0.00488136976679736
"NAA10_CCDS14737.1_ex3_X:153197806-153197829:+_5-4","NAA10",-2.13562540703235,2.07299823695571,16.7264157582628,4.31756299620167e-05,0.0048920970184328
"DDX47_CCDS8655.1_ex2_12:12974243-12974266:+_5-4","DDX47",-2.36096467143599,2.37480402974898,16.7173302346227,4.33828870565453e-05,0.00490930279761463
"PSMA3_CCDS45113.1_ex2_14:58718938-58718961:+_5-2","PSMA3",-3.20239848447495,0.68936228491361,16.7081177685402,4.35940612652195e-05,0.00492690738834954
"SEC13_CCDS2599.1_ex4_3:10353766-10353789:+_5-3","SEC13",-2.16535418465342,2.01317598062441,16.6947290637033,4.39028097194496e-05,0.00495548071083
"TRMT112_CCDS66113.1_ex2_11:64084731-64084754:+_5-3","TRMT112",-1.75709029994088,3.23318267130941,16.6832663474825,4.41688904015605e-05,0.00497810781882427
"ATP6V1D_CCDS9780.1_ex3_14:67812557-67812580:-_5-1","ATP6V1D",-2.75269822167718,1.04855773972722,16.6791521033608,4.42647880341381e-05,0.00497810781882427
"DDX47_CCDS8655.1_ex1_12:12967096-12967119:-_5-1","DDX47",-3.0330207237356,1.07717061654522,16.6788507296038,4.427182088384e-05,0.00497810781882427
"RPS4X_CCDS14418.1_ex4_X:71495538-71495561:+_5-5","RPS4X",-2.70298669405347,1.85663194573716,16.6737276792425,4.43915442519483e-05,0.00498524356145517
"PDCD7_CCDS10201.1_ex4_15:65425578-65425601:-_5-4","PDCD7",-2.21942005853412,2.28943821769643,16.6694610994892,4.44915006816461e-05,0.00499014418911131
"POLR3A_CCDS7354.1_ex29_10:79785854-79785877:-_5-5","POLR3A",-2.98051960762187,0.870609611379031,16.666039651272,4.45718210324204e-05,0.00499283283741927
"PDE4DIP_CCDS30827.1_ex6_1:145075701-145075724:+_22-22","PDE4DIP",-2.01206948570537,2.4366283512129,16.6579217448765,4.47629770575944e-05,0.0050079145772288
"PSMA1_CCDS31431.1_ex4_11:14535401-14535424:-_5-2","PSMA1",-2.7404833623262,1.22613884304057,16.6536370460547,4.4864202908982e-05,0.00501290991545177
"PRPF38A_CCDS567.1_ex2_1:52874337-52874360:+_5-4","PRPF38A",-4.36119222762021,-1.81030121933074,16.6361035248457,4.52808351893873e-05,0.00504758506117529
"AQR_CCDS42013.1_ex18_15:35202382-35202405:+_5-2","AQR",-1.93850025150801,2.28335995355544,16.6357837608165,4.52884694448948e-05,0.00504758506117529
"CDC20_CCDS484.1_ex2_1:43825446-43825469:+_5-4","CDC20",-2.2746186765968,2.08328253006167,16.6320563652291,4.5377555242097e-05,0.0050511603766096
"GPN1_CCDS1760.2_ex8_2:27861846-27861869:-_5-4","GPN1",-2.76153626638997,1.04784729338349,16.6093851378017,4.59232115114537e-05,0.00510548567024324
"CKAP5_CCDS31477.1_ex32_11:46818438-46818461:-_5-5","CKAP5",-3.28587810409662,0.749693834788813,16.5990070888265,4.61751891674172e-05,0.00512706617965936
"SNRNP200_CCDS2020.1_ex30_2:96959074-96959097:-_5-2","SNRNP200",-3.02919445446902,0.550970724517834,16.5920024726083,4.6346045607622e-05,0.00513959664218893
"FAU_CCDS8095.1_ex2_11:64889061-64889084:-_5-5","FAU",-2.51300440237573,1.38980289643204,16.5761063789805,4.67361445311073e-05,0.00517637852790412
"TMEM167A_CCDS34198.1_ex2_5:82360842-82360865:-_5-5","TMEM167A",-2.56987944638952,2.08511426342724,16.5676644749035,4.69446539533389e-05,0.00519298128363239
"PSMD8_CCDS12515.2_ex2_19:38867041-38867064:-_5-5","PSMD8",-3.95033362606341,-0.0993010010008804,16.5470060302636,4.745885739919e-05,0.00524331610812048
"SNRPD2_CCDS33053.1_ex1_19:46191631-46191654:+_5-4","SNRPD2",-3.35619830956344,1.22250009402949,16.5185827099827,4.81756032654747e-05,0.00530883869608866
"GINS3_CCDS10796.1_ex0_16:58426685-58426708:-_6-3","GINS3",-2.46883182279268,1.63548693540028,16.5169279170239,4.82176655868151e-05,0.00530883869608866
"PRMT1_CCDS42592.1_ex2_19:50185244-50185267:+_5-3","PRMT1",-2.28547128973564,2.7909013803302,16.5163773745502,4.82316677239845e-05,0.00530883869608866
"PRELID1_CCDS4415.1_ex1_5:176731719-176731742:-_5-3","PRELID1",-2.12158379375677,2.57417656888819,16.4964336797111,4.8741668750052e-05,0.00535831799164654
"POLR2F_CCDS13963.1_ex2_22:38355364-38355387:+_5-1","POLR2F",-1.9754707143504,2.50569713454766,16.4911844044797,4.88768025359211e-05,0.00536651544671354
"EIF2B1_CCDS31924.1_ex7_12:124116907-124116930:+_5-5","EIF2B1",-2.69460842257995,1.09936884249551,16.4818579005089,4.91178276503141e-05,0.00538630474849472
"MT1B_CCDS10765.1_ex2_16:56686887-56686910:+_3-2","MT1B",-1.68001938440183,3.41249620990678,16.4746379442034,4.93052335737413e-05,0.00540017246728668
"SNRNP35_CCDS45005.1_ex1_12:123950397-123950420:-_5-4","SNRNP35",-2.75205782971211,0.899504793716628,16.4382210461249,5.02615106479154e-05,0.00549811285490024
"SS18L2_CCDS2701.1_ex1_3:42633072-42633095:-_4-3","SS18L2",-2.1169911846057,2.92902658489444,16.4332747930636,5.03928256889386e-05,0.00550568028729235
"HCFC1_CCDS44020.1_ex17_X:153224805-153224828:+_5-2","HCFC1",-1.55990096328736,3.56512324483653,16.4274885148167,5.05468799380772e-05,0.00551571039876019
"POLR3A_CCDS7354.1_ex28_10:79785432-79785455:-_5-4","POLR3A",-4.15680163079829,-0.419103973204779,16.4227070591841,5.06745390046395e-05,0.00551815444019061
"SBNO1_CCDS53844.1_ex18_12:123810715-123810738:-_5-1","SBNO1",-2.85019585659836,1.58841513441631,16.4219854807358,5.06938324076829e-05,0.00551815444019061
"KRTAP5-3_CCDS41591.1_ex0_11:1629417-1629440:+_5-4","KRTAP5-3",-1.98026782656676,2.15923778925284,16.4143513401476,5.08984053507676e-05,0.00552084164592354
"TUBG1_CCDS11433.1_ex4_17:40764463-40764486:-_5-3","TUBG1",-3.31852915366119,0.786872251788613,16.4112576239052,5.09815441953739e-05,0.00552084164592354
"NSA2_CCDS4025.1_ex1_5:74064844-74064867:+_5-1","NSA2",-3.61899354509408,-0.363472199719592,16.4108233809649,5.09932247269692e-05,0.00552084164592354
"PHB_CCDS11548.1_ex4_17:47489093-47489116:+_5-2","PHB",-3.34964258249938,0.381083027097061,16.4102416752758,5.10088760184898e-05,0.00552084164592354
"SUDS3_CCDS44993.1_ex6_12:118838484-118838507:+_5-5","SUDS3",-2.19784050663467,1.81741738763092,16.4073667245348,5.10862999981037e-05,0.00552084164592354
"WARS_CCDS9960.1_ex5_14:100820106-100820129:+_5-2","WARS",-2.58003249359842,1.25721387413506,16.4071416769062,5.10923656372853e-05,0.00552084164592354
"HIST1H2AJ_CCDS4628.1_ex0_6:27782405-27782428:-_4-4","HIST1H2AJ",-2.02205267259387,3.16030391972193,16.4046317979036,5.1160062725398e-05,0.00552142328604947
"BRF2_CCDS6098.1_ex1_8:37704675-37704698:+_5-4","BRF2",-2.10237332438438,2.46345824719624,16.399623366317,5.12954210895711e-05,0.0055248996976331
"RPAP1_CCDS10079.1_ex11_15:41819232-41819255:+_5-3","RPAP1",-3.20322126153668,0.3130585569954,16.3980056393525,5.13392188347856e-05,0.0055248996976331
"VARS_CCDS34412.1_ex26_6:31760637-31760660:+_5-3","VARS",-1.99040795855312,2.83191487658533,16.3965251161084,5.1379334930475e-05,0.0055248996976331
"PWP2_CCDS33579.1_ex9_21:45539354-45539377:-_5-4","PWP2",-2.71754788402642,1.66282666139683,16.3857345699669,5.16726679967919e-05,0.00554970717639242
"EIF2B2_CCDS9836.1_ex1_14:75470076-75470099:+_5-2","EIF2B2",-2.65061648945323,1.30206022112338,16.3763557748974,5.19289912439477e-05,0.00557048450140584
"BCL2L11_CCDS2089.1_ex0_2:111881399-111881422:-_17-1","BCL2L11",-2.21552876888893,2.20457246975979,16.3599861325804,5.23794420740748e-05,0.00561201069457736
"SF1_CCDS31599.1_ex9_11:64537847-64537870:+_5-4","SF1",-1.8475640092025,2.64827570754959,16.3568515650556,5.24661445630026e-05,0.0056145111173302
"RPAP2_CCDS740.1_ex3_1:92769548-92769571:-_5-1","RPAP2",-3.36280992745422,0.625947672956593,16.3462124952788,5.27615000293851e-05,0.0056393069621275
"SNAPC4_CCDS6998.1_ex10_9:139282000-139282023:-_5-2","SNAPC4",-2.86649529874387,0.652500778188792,16.3416389953059,5.28889800960058e-05,0.0056461216510683
"MCM7_CCDS5683.1_ex9_7:99696270-99696293:-_5-5","MCM7",-2.32709752836673,2.11152508086532,16.3271581374487,5.32946607301146e-05,0.00567038972136778
"PSMA5_CCDS55619.1_ex2_1:109953699-109953722:+_5-1","PSMA5",-3.78347063812516,-0.391642729715036,16.3268968744019,5.33020086686564e-05,0.00567038972136778
"KANSL1_CCDS11503.1_ex12_17:44172003-44172026:-_5-2","KANSL1",-2.43810919236565,1.52648056099074,16.3266734462962,5.33082933198582e-05,0.00567038972136778
"WDR70_CCDS34147.1_ex5_5:37438041-37438064:-_5-1","WDR70",-1.78200745574022,3.0210940690417,16.3131750713043,5.3689365192823e-05,0.00570407660944277
"C1orf122_CCDS427.2_ex1_1:38274266-38274289:-_7-1","C1orf122",-1.9164421652718,2.10617355043438,16.2681150766455,5.49813989078566e-05,0.00583226817136882
"DHX16_CCDS4685.1_ex13_6:30632675-30632698:-_5-2","DHX16",-2.71295157768113,1.33510165217255,16.2665233288624,5.50276075126327e-05,0.00583226817136882
"OXA1L_CCDS9573.1_ex0_14:23235951-23235974:+_5-4","OXA1L",-1.71045856377241,3.32684243232597,16.2513548092793,5.54699152959318e-05,0.00587212343454161
"CSE1L_CCDS13412.1_ex3_20:47682970-47682993:+_5-2","CSE1L",-2.46534541806739,1.54522197533506,16.2322168075847,5.60330764217757e-05,0.0059246620160237
"ZWINT_CCDS31205.1_ex4_10:58119545-58119568:-_5-2","ZWINT",-2.06339600637904,2.46567291929388,16.2275689718513,5.61707107154582e-05,0.00593213586847901
"PES1_CCDS13880.1_ex10_22:30980608-30980631:+_5-3","PES1",-2.06490550254158,2.74614796354789,16.2232342083085,5.62993805250916e-05,0.00593864632238842
"ERCC3_CCDS2144.1_ex10_2:128047324-128047347:+_5-3","ERCC3",-2.03292252311787,2.26806706723392,16.1921156782991,5.7231822585641e-05,0.00602982505591357
"RBM14_CCDS55772.1_ex0_11:66384285-66384308:-_5-2","RBM14",-3.21441591281121,0.208134633619636,16.1896788917751,5.7305491360558e-05,0.00603041611341283
"U2AF2_CCDS12933.1_ex6_19:56174973-56174996:-_5-5","U2AF2",-3.1308521260516,0.856878820348982,16.1845508126161,5.74608347826704e-05,0.00603959042319489
"MAT2A_CCDS1977.1_ex5_2:85769283-85769306:+_5-4","MAT2A",-3.5553846518315,0.814500202524858,16.170579198572,5.78862249676205e-05,0.00607709342355567
"EIF2B1_CCDS31924.1_ex5_12:124114794-124114817:-_5-2","EIF2B1",-1.90106889523976,2.18052374381949,16.1659492685479,5.80278887831483e-05,0.00608475634736052
"ABT1_CCDS4616.1_ex0_6:26597412-26597435:-_5-2","ABT1",-2.29223638341183,2.43873422956458,16.1581734192895,5.82665944915491e-05,0.00610256485995059
"RTFDC1_CCDS13453.1_ex4_20:55059238-55059261:-_5-5","RTFDC1",-2.31499462772795,1.67050204293133,16.1549192393266,5.83667853189191e-05,0.00610584106253618
"KRTAP17-1_CCDS11387.1_ex0_17:39471741-39471764:-_5-2","KRTAP17-1",-2.97500139716056,1.4039917285409,16.1446320258199,5.86846526502105e-05,0.00613185416594877
"RPL3_CCDS13988.1_ex8_22:39714409-39714432:-_5-5","RPL3",-2.57939377445789,1.24269313394903,16.1201779405365,5.94472719119716e-05,0.00620422258543245
"RUVBL2_CCDS42588.1_ex7_19:49513240-49513263:-_5-4","RUVBL2",-1.93168597067187,2.84214858992319,16.1104508657674,5.97533817975112e-05,0.00622883311476504
"ABCE1_CCDS34071.1_ex2_4:146029173-146029196:-_5-2","ABCE1",-2.97680428136066,0.509343990125802,16.0952267671861,6.02356677370695e-05,0.00627172923091749
"SAP18_CCDS9295.2_ex1_13:21715109-21715132:-_5-4","SAP18",-2.6427746191012,1.47438696149422,16.0709484551311,6.10128963305527e-05,0.00634519799561614
"RPA2_CCDS314.1_ex5_1:28233434-28233457:+_5-3","RPA2",-3.38191862336434,0.805942330202171,16.0628527628726,6.12743021202237e-05,0.00636491302891506
"BRF1_CCDS10001.1_ex17_14:105766880-105766903:-_13-13","BRF1",-2.34523397182939,1.99884913573971,16.0497062769639,6.1701197423487e-05,0.00639317300506016
"AFG3L2_CCDS11859.1_ex8_18:12356731-12356754:+_5-1","AFG3L2",-2.66983233049625,1.15318786831664,16.0496354152935,6.17035065442397e-05,0.00639317300506016
"TOP2A_CCDS45672.1_ex29_17:38569526-38569549:+_5-4","TOP2A",-3.01017811520575,1.01462706478327,16.0478162500736,6.17628162012899e-05,0.00639317300506016
"RCC1_CCDS323.1_ex2_1:28858818-28858841:-_5-3","RCC1",-2.54374252053739,2.07213918208943,16.0224218602239,6.25967531342099e-05,0.00647193454866955
"THOC2_CCDS43988.1_ex23_X:122778505-122778528:-_5-2","THOC2",-2.65092007945245,1.43280577431485,16.010819205404,6.2981537775571e-05,0.00650412836380215
"ORAOV1_CCDS8192.1_ex3_11:69488026-69488049:-_5-4","ORAOV1",-2.54646535129133,1.7142498319106,15.9981582183967,6.3404135334763e-05,0.00654014763151573
"EIF6_CCDS13249.1_ex5_20:33872201-33872224:-_5-5","EIF6",-1.66816067953425,3.32989148471565,15.9943325745822,6.35323876138395e-05,0.006545024055406
"TBCC_CCDS4872.1_ex0_6:42713562-42713585:-_5-4","TBCC",-1.74451608429415,2.68367651269889,15.9911257997894,6.36400937062553e-05,0.006545024055406
"MED28_CCDS33963.1_ex0_4:17616399-17616422:+_5-2","MED28",-3.08537262105191,0.779820077302461,15.9901468553734,6.36730101320449e-05,0.006545024055406
"IMP3_CCDS10282.1_ex0_15:75932244-75932267:-_5-3","IMP3",-2.38921003757698,1.82956583563577,15.9876065288265,6.37585070008227e-05,0.00654621815911344
"MED21_CCDS8711.1_ex2_12:27180351-27180374:-_5-5","MED21",-2.51745479573884,1.4207819475634,15.9818387419948,6.39530557612371e-05,0.00655241966567055
"TWISTNB_CCDS34606.1_ex3_7:19748436-19748459:+_5-5","TWISTNB",-2.90478755904026,0.826165737643177,15.9814316903841,6.39668082387764e-05,0.00655241966567055
"POLR2G_CCDS31585.1_ex1_11:62529350-62529373:+_5-1","POLR2G",-3.48152407415879,0.343036364798142,15.9766960565961,6.41270231716592e-05,0.00655526582290175
"ATP5J2_CCDS47654.1_ex1_7:99056820-99056843:-_7-1","ATP5J2",-2.5582517042768,0.869787442957336,15.9762375196447,6.41425577100402e-05,0.00655526582290175
"MRPL34_CCDS12356.1_ex1_19:17417016-17417039:+_5-3","MRPL34",-1.95314053700544,2.9045866681508,15.9715140376042,6.43028026205748e-05,0.00656407157718738
"COPS5_CCDS6198.1_ex6_8:67971570-67971593:-_5-4","COPS5",-3.11998274071279,0.140860223223488,15.9680387943371,6.44209578732533e-05,0.00656856546987052
"POLR1B_CCDS2097.1_ex6_2:113310329-113310352:+_5-4","POLR1B",-1.87950608153344,2.16033201968697,15.9585504502654,6.47446665239754e-05,0.00658701907612658
"TSR1_CCDS32525.1_ex13_17:2239425-2239448:-_5-5","TSR1",-1.52236560948925,3.30080778143094,15.9583763336566,6.47506220267956e-05,0.00658701907612658
"HCFC1_CCDS44020.1_ex24_X:153230134-153230157:+_5-4","HCFC1",-2.48169324147112,1.65913074954002,15.952647275216,6.49468869781347e-05,0.00659940810502822
"FAU_CCDS8095.1_ex2_11:64889030-64889053:+_5-4","FAU",-3.14861922832589,0.897676059582479,15.9427002154511,6.52890737979576e-05,0.0066265792359013
"GARS_CCDS43564.1_ex7_7:30651833-30651856:-_5-5","GARS",-2.78038258723023,0.550923618399366,15.921789174189,6.60143551529681e-05,0.00669252626165204
"RPL14_CCDS33739.1_ex2_3:40500205-40500228:+_5-2","RPL14",-2.73351635071487,1.59037830593723,15.9086430927375,6.64744588585319e-05,0.00673146960185037
"NHP2L1_CCDS14022.1_ex0_22:42071065-42071088:+_5-1","NHP2L1",-4.008350714701,0.00169757800933212,15.8909354955246,6.70993153023762e-05,0.00678698850648669
"FAHD2B_CCDS2030.1_ex5_2:97755882-97755905:-_5-2","FAHD2B",-1.28902192980015,4.18631582084395,15.8833916247128,6.73673109150592e-05,0.00680632605580357
"HHLA3_CCDS30752.1_ex0_1:70820760-70820783:-_7-3","HHLA3",-4.76059267243013,-1.61984148132057,15.8775914767306,6.75740927654744e-05,0.00681944198585151
"EIF2S3_CCDS14210.1_ex3_X:24075775-24075798:-_5-3","EIF2S3",-2.27471059534873,1.40968827710143,15.8733452671858,6.77258796166197e-05,0.00682698440194563
"SF1_CCDS31599.1_ex9_11:64537752-64537775:-_5-3","SF1",-2.82343056665808,0.579170647593624,15.8668404671404,6.79590683808494e-05,0.00684270592381084
"RPS21_CCDS13497.1_ex2_20:60962944-60962967:+_5-5","RPS21",-2.46268849189002,2.36572859148967,15.855313398964,6.83742844773974e-05,0.00687669903564617
"FBL_CCDS12545.1_ex4_19:40329743-40329766:-_5-1","FBL",-2.97666344880955,1.17615511847991,15.8476633623559,6.86512539412787e-05,0.00689672676498972
"MRPL34_CCDS12356.1_ex1_19:17416978-17417001:+_5-1","MRPL34",-1.94434717448678,2.40109770449632,15.8198412911055,6.96681017450812e-05,0.00699095336718535
"PUF60_CCDS47933.1_ex6_8:144900653-144900676:+_5-5","PUF60",-3.67924643584602,0.320895294414008,15.7980982668821,7.04733068063279e-05,0.00706375319330485
"DHX15_CCDS33966.1_ex9_4:24556453-24556476:+_5-1","DHX15",-4.66642191099429,-3.02225660489746,15.7879928299378,7.08507194778252e-05,0.00709355802265783
"EXOSC4_CCDS6414.1_ex1_8:145134985-145135008:-_5-4","EXOSC4",-2.1824900740383,2.06975656111412,15.7745332292735,7.13565611089481e-05,0.00713589164932629
"WDR70_CCDS34147.1_ex9_5:37605159-37605182:+_5-4","WDR70",-3.6707209569156,0.146902565463267,15.7724647786276,7.14346194721849e-05,0.00713589164932629
"TBCD_CCDS45818.1_ex13_17:80828238-80828261:+_5-4","TBCD",-2.29245190755768,1.8546419738208,15.7515723415186,7.22278814875123e-05,0.00720700863410194
"PSMC3_CCDS7935.1_ex6_11:47445623-47445646:+_5-1","PSMC3",-1.98579742312242,2.4244252015243,15.7453116200611,7.24673151050659e-05,0.00722276594173169
"NUDT21_CCDS10760.1_ex5_16:56481810-56481833:+_5-4","NUDT21",-2.43628849306359,1.67722296536299,15.7346648342576,7.28763232429564e-05,0.00725537022164651
"CKAP5_CCDS31477.1_ex24_11:46801823-46801846:+_5-3","CKAP5",-2.87606033392334,0.982803325935525,15.7175789139249,7.3537557207434e-05,0.00731298405602906
"NUP205_CCDS34759.1_ex12_7:135279449-135279472:-_5-5","NUP205",-1.8243084157812,2.21164144222448,15.7108061823044,7.38013327821114e-05,0.00733098754763651
"USP39_CCDS33234.1_ex3_2:85850885-85850908:-_5-2","USP39",-3.1085531742265,0.714043236165531,15.7057384731995,7.39993257058554e-05,0.00734134931885493
"NUTF2_CCDS10848.1_ex0_16:67899099-67899122:+_5-1","NUTF2",-4.97353400282474,-3.2521307698238,15.7038982920311,7.4071352854844e-05,0.00734134931885493
"SACM1L_CCDS33745.1_ex4_3:45751005-45751028:-_5-1","SACM1L",-2.18925283366077,1.74609217596838,15.6975861481896,7.43189548914875e-05,0.00735765957219568
"CCT7_CCDS42696.1_ex2_2:73476114-73476137:-_5-2","CCT7",-3.33398884975733,0.174009782452509,15.6887553056878,7.46667540542167e-05,0.00738384197514278
"LSM6_CCDS3767.1_ex0_4:147104145-147104168:+_5-1","LSM6",-3.24788664518456,0.309941254481024,15.684412335988,7.48384003274649e-05,0.00739256555118769
"BUB3_CCDS31306.1_ex0_10:124914569-124914592:-_5-2","BUB3",-2.95795167595527,1.46354992649477,15.6634823091551,7.5671196081799e-05,0.00746619442983246
"UBE2I_CCDS10433.1_ex2_16:1365657-1365680:-_5-2","UBE2I",-3.39234529134193,0.360221303507709,15.661456241297,7.57523056273771e-05,0.00746619442983246
"HIST1H2BJ_CCDS4618.1_ex0_6:27100331-27100354:+_4-2","HIST1H2BJ",-3.09886344685069,0.740384549428227,15.6504579965139,7.61941266399076e-05,0.00750139642783962
"CBLN4_CCDS13448.1_ex2_20:54578990-54579013:+_5-3","CBLN4",-2.80553185824048,0.0598408955783356,15.6240051939162,7.72674330794045e-05,0.00759862172634153
"TIPIN_CCDS10215.1_ex3_15:66641733-66641756:-_5-2","TIPIN",-2.69055696111982,1.55416211112729,15.6154446640539,7.76180188030091e-05,0.00761915840796359
"POLR3K_CCDS10395.1_ex2_16:103478-103501:+_5-4","POLR3K",-2.15138150931441,2.3637734299918,15.614708526661,7.7648241003895e-05,0.00761915840796359
"EIF3I_CCDS357.1_ex6_1:32694115-32694138:+_5-4","EIF3I",-3.22370244261386,0.342126211036098,15.6067205324346,7.79769511860082e-05,0.00764294882387991
"CDT1_CCDS32510.1_ex4_16:88872155-88872178:+_5-4","CDT1",-3.97763437940639,-0.0937518527477917,15.5960621877916,7.84177289289786e-05,0.0076776588834045
"RPLP1_CCDS10233.1_ex2_15:69747515-69747538:-_7-3","RPLP1",-1.80000718131183,2.68816800455489,15.5887368201206,7.87221234010865e-05,0.00769278154272382
"PRPF6_CCDS13550.1_ex1_20:62614460-62614483:+_5-1","PRPF6",-1.92273985466168,3.76183813434134,15.588167550144,7.87458282650216e-05,0.00769278154272382
"GTF2H2C_CCDS43325.1_ex7_5:68874545-68874568:-_5-5","GTF2H2C",-1.53710131175162,3.57853898941289,15.5792872663956,7.91165416216362e-05,0.00772048489749636
"ATP6V1G1_CCDS6807.1_ex1_9:117354879-117354902:+_5-2","ATP6V1G1",-2.70612386129732,1.63193020757609,15.5726109806745,7.93964033894569e-05,0.00773927141774061
"SARS_CCDS795.1_ex4_1:109773549-109773572:+_5-4","SARS",-3.37474663958647,0.829077683459147,15.5303107787253,8.11928707197503e-05,0.00790568736592769
"CDK1_CCDS44408.1_ex2_10:62545429-62545452:+_5-3","CDK1",-2.77569711337819,0.713958604320252,15.51412420166,8.18910755585572e-05,0.0079578856874866
"PSMB6_CCDS11056.1_ex3_17:4701058-4701081:+_5-5","PSMB6",-2.65862277097964,1.86489645345511,15.5134167960488,8.1921726754675e-05,0.0079578856874866
"SRBD1_CCDS1823.1_ex11_2:45789875-45789898:-_5-3","SRBD1",-2.17815194395984,1.8602198619094,15.5116485586254,8.1998393254128e-05,0.0079578856874866
"TMEM11_CCDS11216.1_ex0_17:21101924-21101947:+_5-2","TMEM11",-3.21645585488066,0.33142341498132,15.5040404517039,8.23290867139017e-05,0.00797973166329956
"CDC27_CCDS11509.1_ex16_17:45249373-45249396:-_5-5","CDC27",-4.26301842284915,-1.11900563311939,15.5023301224279,8.24036123052513e-05,0.00797973166329956
"LSM4_CCDS12374.1_ex2_19:18423418-18423441:+_6-5","LSM4",-2.65049069173523,1.35852265467067,15.4588882684032,8.43194669952172e-05,0.00815389367033539
"CRCT1_CCDS1012.1_ex0_1:152487958-152487981:+_5-2","CRCT1",-2.10385250643621,3.37390722499709,15.4573938537445,8.43861645452627e-05,0.00815389367033539
"POLR2E_CCDS12056.1_ex4_19:1091822-1091845:-_5-1","POLR2E",-2.39703560494829,1.91265537987678,15.4521323053785,8.46214166066568e-05,0.00816727458123882
"SDE2_CCDS41473.1_ex4_1:226180624-226180647:-_5-2","SDE2",-2.96681129919711,1.04699281593152,15.450177289794,8.47089964580105e-05,0.00816727458123882
"CHMP3_CCDS33236.1_ex2_2:86737587-86737610:-_6-6","CHMP3",-2.25995044584539,1.47293347591432,15.4472305718675,8.48411744700875e-05,0.00817112728814845
"RPL23_CCDS11330.1_ex1_17:37006713-37006736:-_5-1","RPL23",-2.53871132460295,1.33229296909381,15.4404311621705,8.5146961270035e-05,0.00819167388739709
"POLA2_CCDS8098.1_ex7_11:65048554-65048577:+_5-5","POLA2",-2.93229870447452,0.633147879044526,15.4378002797954,8.5265576086271e-05,0.00819418832396977
"SF3B14_CCDS1707.1_ex1_2:24291242-24291265:-_5-2","SF3B14",-3.8906315182613,-0.600131430845785,15.4247352392051,8.585708826289e-05,0.00824209443404294
"BANP_CCDS10966.2_ex3_16:88039856-88039879:-_5-5","BANP",-2.39322528837019,1.95497792697996,15.4223242110105,8.59666965956932e-05,0.00824368519324458
"PSMA3_CCDS45113.1_ex4_14:58724638-58724661:+_5-3","PSMA3",-3.32459292697456,0.0572750629520644,15.407151273756,8.6659715492032e-05,0.00828887970276967
"DIMT1_CCDS3981.1_ex5_5:61690379-61690402:+_5-2","DIMT1",-2.43776998237553,1.56400846687978,15.4066738310646,8.66816135174519e-05,0.00828887970276967
"DUT_CCDS32231.1_ex2_15:48626632-48626655:-_7-4","DUT",-2.90647439892341,0.847472209096501,15.4040188247074,8.6803487634817e-05,0.00828887970276967
"PSMD3_CCDS11356.1_ex3_17:38145012-38145035:+_5-5","PSMD3",-3.85477223144996,-0.2052221457292,15.403829522083,8.68121838720882e-05,0.00828887970276967
"BUD31_CCDS5663.1_ex1_7:99013871-99013894:-_5-5","BUD31",-3.25312883810669,0.227987122712518,15.3949997404908,8.72187843870493e-05,0.00831873800796436
"TSR2_CCDS14358.1_ex2_X:54469880-54469903:-_5-3","TSR2",-3.25866654313269,-0.176528759998942,15.3824156722568,8.78015788987361e-05,0.00836531903215205
"EP400_CCDS31929.2_ex20_12:132504734-132504757:+_5-5","EP400",-1.41148189659461,3.35506432350843,15.3518769576667,8.92322361616251e-05,0.00849249357393872
"DNM2_CCDS32907.1_ex7_19:10904472-10904495:-_5-4","DNM2",-2.27526974218271,2.42374466287771,15.3494070454158,8.93489651689926e-05,0.0084944789782873
"PDPK1_CCDS10472.1_ex7_16:2631342-2631365:+_5-3","PDPK1",-1.67642174737453,3.18683342313147,15.3455471216156,8.95316944195664e-05,0.00850238273768438
"TANGO6_CCDS45516.1_ex3_16:68901019-68901042:-_5-5","TANGO6",-2.58146884054224,1.36919267509213,15.3435999785161,8.96240150440965e-05,0.00850238273768438
"RAE1_CCDS13458.1_ex1_20:55929816-55929839:+_5-1","RAE1",-1.63729316988196,2.74583119893888,15.3308141428964,9.02326188870794e-05,0.00855096409530327
"RPL28_CCDS12924.1_ex2_19:55899394-55899417:+_9-9","RPL28",-1.46601702588489,3.31478259250747,15.2864204958706,9.23782205046941e-05,0.00874494081841766
"NAA50_CCDS2975.1_ex2_3:113442267-113442290:+_5-1","NAA50",-2.17092595455941,1.64403673626048,15.2422950346649,9.45617394149135e-05,0.00894208909562201
"HIST1H2BL_CCDS4625.1_ex0_6:27775486-27775509:+_4-2","HIST1H2BL",-4.2180531626673,-1.31373717234132,15.2311010827093,9.51238759050215e-05,0.00897705099352168
"TMEM251_CCDS41980.1_ex0_14:93652638-93652661:+_7-2","TMEM251",-3.50926376547002,0.471842076218177,15.2293286529453,9.52131914317279e-05,0.00897705099352168
"OTOP1_CCDS3372.1_ex5_4:4228380-4228403:+_5-5","OTOP1",-2.23525096970368,1.52796308320068,15.226303688058,9.53658191357671e-05,0.00897705099352168
"UFD1L_CCDS13761.1_ex10_22:19463017-19463040:-_5-5","UFD1L",-2.0190150975289,1.75170241503863,15.2248979107318,9.54368328430268e-05,0.00897705099352168
"SNAPC2_CCDS12190.1_ex2_19:7986636-7986659:+_5-3","SNAPC2",-2.41600722798131,2.3209903933358,15.224874232234,9.5438029432515e-05,0.00897705099352168
"PSMG3_CCDS5327.1_ex1_7:1608755-1608778:+_5-1","PSMG3",-1.94835483875739,2.44527582972023,15.2205998026093,9.56542846608766e-05,0.00898785105690523
"NEDD8_CCDS9621.1_ex1_14:24687393-24687416:-_3-3","NEDD8",-2.66409422070754,1.57549857342452,15.2131540495192,9.60321642015745e-05,0.00901379866657279
"LST1_CCDS43450.2_ex3_6:31556279-31556302:+_10-6","LST1",-2.12505646433544,1.68736435244246,15.2104750932304,9.61684911316572e-05,0.0090170426721816
"DHFRL1_CCDS2926.1_ex0_3:93780086-93780109:+_5-1","DHFRL1",-2.3483917650554,1.82946964157566,15.1929308446224,9.7066110993328e-05,0.00907386035246362
"EIF2B3_CCDS517.1_ex6_1:45363089-45363112:-_5-1","EIF2B3",-2.99188518549889,0.266849359698524,15.192876517379,9.70689036029284e-05,0.00907386035246362
"CHMP2A_CCDS12986.1_ex3_19:59063720-59063743:-_5-2","CHMP2A",-2.7568277184348,1.08202172195788,15.1926279256473,9.70816831155397e-05,0.00907386035246362
"SF3B5_CCDS5204.1_ex0_6:144416468-144416491:+_5-2","SF3B5",-4.92879158264302,-1.61369485298285,15.1879414585302,9.73229203754118e-05,0.00908682263728529
"ZNF207_CCDS11271.1_ex1_17:30678904-30678927:-_5-1","ZNF207",-3.23846369350526,0.000122105138991738,15.1855452126093,9.74465008165597e-05,0.00908878384352851
"YARS_CCDS368.1_ex6_1:33252645-33252668:-_5-1","YARS",-2.24138720042824,1.51741434704113,15.1756783522848,9.79570257399278e-05,0.00912679308381919
"CENPM_CCDS14025.1_ex3_22:42341957-42341980:+_10-6","CENPM",-2.3089398755612,1.85147600923951,15.169264001972,9.82903558445111e-05,0.00914103378649694
"HNRNPK_CCDS6667.1_ex6_9:86586943-86586966:-_5-1","HNRNPK",-1.87476269077036,2.48400165940012,15.1675159877942,9.83813914431059e-05,0.00914103378649694
"TOP2A_CCDS45672.1_ex23_17:38564333-38564356:-_5-3","TOP2A",-3.4289835349043,0.869732216998475,15.1667873269917,9.84193647418694e-05,0.00914103378649694
"PHB_CCDS11548.1_ex4_17:47489108-47489131:-_5-3","PHB",-2.98236212629596,1.36869092457469,15.1562127169912,9.89721112661238e-05,0.00918274648256143
"PES1_CCDS13880.1_ex11_22:30983357-30983380:-_5-5","PES1",-3.22387120963209,-0.112518901305487,15.1542120934305,9.90770369701737e-05,0.00918286604370211
"POLR3H_CCDS14018.1_ex4_22:41936719-41936742:-_5-3","POLR3H",-2.07262287890675,1.79965684116143,15.1433608667068,9.96480991560735e-05,0.00922614365080778
"RRM2_CCDS1669.1_ex2_2:10263587-10263610:-_5-2","RRM2",-4.11285577968661,-0.553350679234915,15.1333408831544,0.000100178357103094,0.00926555689924508
"ALYREF_CCDS32768.2_ex5_17:79849197-79849220:+_5-3","ALYREF",-2.57307029835094,1.55096375423668,15.0977353136522,0.000102085685049073,0.00943212117774574
"URI1_CCDS12420.1_ex3_19:30477294-30477317:+_5-4","URI1",-2.94242697190308,1.01815978128862,15.0947765917589,0.000102245813795001,0.00943707560116654
"RBM8A_CCDS916.1_ex4_1:145508911-145508934:-_5-5","RBM8A",-4.14011296754136,-1.62998927008242,15.0746687207128,0.000103340787481679,0.00952247071022239
"CENPW_CCDS34529.1_ex1_6:126667378-126667401:+_6-5","CENPW",-2.71438166120044,0.767435410569543,15.073843701031,0.000103385965095298,0.00952247071022239
"ANAPC1_CCDS2093.1_ex32_2:112604706-112604729:+_5-2","ANAPC1",-3.22113000846666,0.228933752156155,15.0677550893583,0.000103719989256302,0.00953756552956561
"RANGAP1_CCDS14012.1_ex11_22:41660689-41660712:-_5-5","RANGAP1",-3.24051057692279,0.146586292070161,15.0666664150653,0.000103779828812621,0.00953756552956561
"RPS13_CCDS7823.1_ex3_11:17098735-17098758:-_5-4","RPS13",-2.45561764490024,1.81432960535999,15.0649767515839,0.000103872770873652,0.00953756552956561
"TUBGCP4_CCDS42030.1_ex7_15:43678055-43678078:+_5-4","TUBGCP4",-1.92911072631526,3.60852258657196,15.0601584420073,0.000104138268343347,0.00955204493253688
"RPA3_CCDS5356.1_ex1_7:7677569-7677592:-_5-3","RPA3",-3.0086048980364,0.614653489616624,15.0405758423428,0.000105224351684363,0.00963271155142763
"CCT7_CCDS42696.1_ex2_2:73476177-73476200:-_5-3","CCT7",-3.65234887694681,-0.129340883281511,15.0403823526065,0.000105235139626909,0.00963271155142763
"HIST1H2AJ_CCDS4628.1_ex0_6:27782361-27782384:-_4-2","HIST1H2AJ",-2.43067372577568,0.748380553646582,15.0325316782097,0.00010567379094415,0.00966288123880016
"RPS11_CCDS12769.1_ex2_19:50000828-50000851:-_5-3","RPS11",-3.34208840948841,0.395962228186445,15.0209923840485,0.000106321884019294,0.00971212046949851
"COPS6_CCDS5682.1_ex1_7:99687000-99687023:+_5-2","COPS6",-1.67180848346702,2.62227174947465,15.0187384444522,0.000106448940555222,0.00971371248901754
"ESPL1_CCDS8852.1_ex6_12:53670484-53670507:+_5-5","ESPL1",-2.90114278948145,1.09089739864298,15.0022733123286,0.000107381741743783,0.00978476313183796
"NOP58_CCDS2353.1_ex3_2:203147162-203147185:+_5-1","NOP58",-2.81228420676991,0.631804636745794,15.0011019091132,0.000107448418022237,0.00978476313183796
"POLR2B_CCDS3511.1_ex10_4:57876583-57876606:-_5-5","POLR2B",-3.3235066342018,0.366919917804999,14.9856238516751,0.000108333351967227,0.00985522072321165
"HIST1H2BM_CCDS4629.1_ex0_6:27782973-27782996:+_4-2","HIST1H2BM",-3.079834441788,0.934985022396421,14.9778961787155,0.000108777911410472,0.00987698937808852
"NHP2L1_CCDS14022.1_ex1_22:42076233-42076256:+_5-4","NHP2L1",-4.01486485476142,0.404095019330082,14.9775896145883,0.000108795585321698,0.00987698937808852
"VPS28_CCDS34967.1_ex4_8:145651096-145651119:-_5-3","VPS28",-3.2341427231826,0.872284291232406,14.9684264780392,0.00010932519113671,0.0099120441894721
"EXOSC4_CCDS6414.1_ex1_8:145135021-145135044:-_5-5","EXOSC4",-2.23147191008111,1.89728418848257,14.9670417709615,0.000109405449036225,0.0099120441894721
"EXOSC2_CCDS65160.1_ex1_9:133570864-133570887:+_5-3","EXOSC2",-1.69536887583225,2.8920309655378,14.9641252346853,0.000109574686106483,0.0099172366058744
"SIN3A_CCDS10279.1_ex8_15:75688795-75688818:+_5-1","SIN3A",-2.87935365469978,1.23455400962855,14.9621397939155,0.000109690045461538,0.00991754711037246
"XAB2_CCDS32892.1_ex13_19:7690778-7690801:-_5-2","XAB2",-1.90042086128213,2.24236099914911,14.9520967689135,0.000110275447461302,0.00996031223012859
"CENPM_CCDS14025.1_ex3_22:42341971-42341994:+_10-7","CENPM",-2.7602771714638,1.18256315921717,14.9395335687464,0.000111012178272501,0.0100166446721112
"TICRR_CCDS10352.2_ex0_15:90119454-90119477:+_5-4","TICRR",-3.8937092295392,-0.271917725897175,14.9364122699814,0.000111195984413933,0.0100230227822797
"NCBP1_CCDS6728.1_ex7_9:100410499-100410522:-_5-4","NCBP1",-3.46219278644467,0.00199407106274387,14.9319109853053,0.000111461594299065,0.0100289206656709
"ZNF259_CCDS8375.1_ex12_11:116658214-116658237:+_5-3","ZNF259",-2.16102435966929,2.2422853227592,14.9314676830153,0.000111487787008621,0.0100289206656709
"PSMB3_CCDS11328.1_ex1_17:36909505-36909528:-_5-1","PSMB3",-2.39069266838854,1.27365228134548,14.897549335853,0.00011351034914784,0.0102005050675391
"RUVBL2_CCDS42588.1_ex3_19:49507615-49507638:-_5-1","RUVBL2",-3.20428992550449,0.622268949705371,14.8842742397319,0.000114311967404994,0.0102578050212679
"NAPA_CCDS12702.1_ex7_19:47998834-47998857:+_5-3","NAPA",-3.50310936207971,0.207301641901769,14.8831599000308,0.000114379515619853,0.0102578050212679
"PRPF31_CCDS12879.1_ex5_19:54627253-54627276:-_5-5","PRPF31",-2.91506192090335,0.941206486309276,14.875079406548,0.00011487053642107,0.0102914244187314
"CENPM_CCDS14025.1_ex0_22:42335108-42335131:+_10-1","CENPM",-2.9188918099775,0.647369476043282,14.8692700990455,0.000115224856408694,0.0103059542529256
"RPA3_CCDS5356.1_ex2_7:7678697-7678720:+_5-4","RPA3",-3.14805513242848,0.649410030057583,14.8686074985371,0.000115265339420009,0.0103059542529256
"RIOK2_CCDS4089.1_ex5_5:96508906-96508929:-_5-1","RIOK2",-2.67864913189511,1.20941769921689,14.8592544871078,0.000115838311605863,0.010346743385231
"RRN3_CCDS10559.1_ex7_16:15168633-15168656:-_5-4","RRN3",-1.90841540213124,2.72263236883241,14.8536802481592,0.000116181156063294,0.0103669159256236
"TOP2A_CCDS45672.1_ex33_17:38573011-38573034:+_5-5","TOP2A",-2.60248083311225,1.19360283059226,14.8466727085159,0.000116613605391654,0.0103950353313208
"EIF2B2_CCDS9836.1_ex2_14:75470296-75470319:+_5-4","EIF2B2",-2.13132127913718,2.04990219309264,14.8432368168433,0.000116826232768798,0.0104035227946855
"LCE2A_CCDS1021.1_ex0_1:152671473-152671496:-_4-1","LCE2A",-2.15389808557121,2.61240165214165,14.8368623767569,0.00011722174399835,0.0104265912727549
"CHMP6_CCDS11774.1_ex4_17:78970817-78970840:+_5-4","CHMP6",-3.22629652573502,-0.149021733937699,14.8344517002264,0.000117371668857553,0.0104265912727549
"TTC27_CCDS33176.1_ex9_2:32927916-32927939:-_5-4","TTC27",-2.61909205900706,1.29842996418668,14.833381302794,0.000117438300907493,0.0104265912727549
"MED6_CCDS61483.1_ex3_14:71060035-71060058:-_5-2","MED6",-2.7095699904486,0.873317539923786,14.8304924635003,0.000117618320753303,0.0104321210497169
"RPL19_CCDS42312.1_ex3_17:37359231-37359254:+_5-4","RPL19",-3.058648408937,-0.0424311625556726,14.8262644261467,0.000117882294463438,0.0104450785832274
"RPLP0_CCDS9193.1_ex3_12:120636655-120636678:-_5-2","RPLP0",-2.80897996136846,0.73242263964436,14.8221672327593,0.000118138667994405,0.0104573374788334
"CCNK_CCDS45160.1_ex5_14:99968549-99968572:+_5-2","CCNK",-2.47375611678209,1.74699128477453,14.8112858455334,0.000118822276607317,0.0105073519371936
"RPS16_CCDS12535.1_ex3_19:39926245-39926268:-_5-3","RPS16",-2.43893499223236,1.1877754798725,14.8087646751954,0.000118981233097355,0.0105106584484343
"MCM2_CCDS3043.1_ex1_3:127318292-127318315:-_5-1","MCM2",-1.88102033472542,2.22448999180407,14.8069320333277,0.000119096913101009,0.0105106584484343
"LCE1F_CCDS1023.1_ex0_1:152749039-152749062:+_3-3","LCE1F",-1.88338717844847,2.63492035476016,14.792608381032,0.0001200049597265,0.0105802581706729
"UBR4_CCDS189.1_ex105_1:19536559-19536582:+_5-5","UBR4",-1.81433251955188,2.43871029469115,14.7858828623073,0.00012043372459511,0.0106075055680659
"UTP20_CCDS9081.1_ex15_12:101699683-101699706:+_5-3","UTP20",-2.41586845127965,1.91688268775842,14.7687486995583,0.00012153304262829,0.010693700869039
"CACTIN_CCDS45920.1_ex4_19:3618933-3618956:+_5-2","CACTIN",-2.37694781454372,1.7206348127883,14.7629825926125,0.000121905259873219,0.0107158109685778
"KANSL3_CCDS46361.1_ex15_2:97279330-97279353:+_5-1","KANSL3",-1.85988939798763,2.26414674831218,14.7407381312147,0.000123351982788416,0.0108322356659568
"RNPC3_CCDS781.1_ex0_1:104068862-104068885:+_5-1","RNPC3",-2.62532868229094,1.07764156326744,14.7158758598794,0.000124989426729048,0.0109651615294594
"INTS3_CCDS1052.1_ex11_1:153732847-153732870:-_5-4","INTS3",-2.85393039073086,1.30454859369273,14.693076944056,0.000126510204311986,0.0110875995680197
"YKT6_CCDS5482.1_ex2_7:44246008-44246031:+_5-2","YKT6",-2.26056558320119,1.74044632338458,14.6835314176913,0.000127152448030547,0.0111328753065165
"ZNF559_CCDS12211.1_ex1_19:9449905-9449928:-_12-5","ZNF559",-2.92389750288213,1.37994496029901,14.6797751279292,0.000127406078393572,0.011144070071215
"EIF4G1_CCDS3259.1_ex13_3:184041657-184041680:+_5-5","EIF4G1",-2.51343451572687,1.13453681726382,14.6529678505731,0.000129230995192211,0.0112925459171608
"HINFP_CCDS58188.1_ex1_11:119001438-119001461:+_5-1","HINFP",-1.73052274804888,3.36704381043819,14.6438482166376,0.000129857798531423,0.011333582503493
"ZBTB11_CCDS2943.1_ex10_3:101395516-101395539:-_5-4","ZBTB11",-2.7921791880201,1.68107806184055,14.6424171577223,0.000129956434367299,0.011333582503493
"CARS_CCDS41600.1_ex14_11:3050286-3050309:+_5-2","CARS",-3.1825153334517,0.473168900183454,14.6349820157778,0.000130470117306756,0.011367192934201
"RBBP4_CCDS366.1_ex5_1:33134586-33134609:+_5-5","RBBP4",-2.7574608843524,1.3386394585002,14.6298941101826,0.000130822810715952,0.0113867249177777
"TCP1_CCDS43522.1_ex6_6:160205783-160205806:+_5-5","TCP1",-2.40126853268325,1.49630100726537,14.6071595879122,0.00013241053107055,0.011513608946062
"DYNC1I2_CCDS46450.1_ex9_2:172583296-172583319:+_5-5","DYNC1I2",-2.74784774544153,0.747042438380235,14.5811557175468,0.000134250375043811,0.0116504706416984
"TICRR_CCDS10352.2_ex0_15:90118995-90119018:-_5-3","TICRR",-2.08061516632731,1.88431226964664,14.579451413797,0.000134371854015185,0.0116504706416984
"POLR2G_CCDS31585.1_ex2_11:62530443-62530466:+_5-5","POLR2G",-2.77563762966363,0.663321001149529,14.5788690348377,0.000134413390053468,0.0116504706416984
"HEATR1_CCDS31066.1_ex43_1:236767252-236767275:-_5-5","HEATR1",-2.50385491322294,2.2598212391615,14.577509090151,0.000134510433452108,0.0116504706416984
"PRPF19_CCDS7995.1_ex9_11:60668995-60669018:+_5-3","PRPF19",-2.99875536180518,1.55564892289527,14.5713039317969,0.000134954119256391,0.0116774850496404
"IK_CCDS47280.1_ex8_5:140035534-140035557:+_5-4","IK",-2.16978494449518,2.73018451190657,14.5649393200557,0.000135410737223528,0.0117055646657833
"ATP6V0D1_CCDS10838.1_ex7_16:67514859-67514882:-_5-5","ATP6V0D1",-3.17147159236567,0.412195650162566,14.5562889783646,0.000136033835690055,0.0117479669056072
"DHDDS_CCDS281.1_ex2_1:26769307-26769330:+_5-4","DHDDS",-2.91045169456201,1.0741443099368,14.5519177890655,0.000136349796819626,0.0117637878257057
"TBL3_CCDS10453.1_ex4_16:2024594-2024617:+_5-1","TBL3",-2.18871923133952,2.17161090930096,14.546851276808,0.000136716942376868,0.011783989685063
"NUP160_CCDS31484.1_ex34_11:47869459-47869482:-_5-5","NUP160",-3.68505213655139,0.291131637029802,14.5432929721002,0.000136975390299772,0.0117947924517995
"HOPX_CCDS3507.1_ex1_4:57522016-57522039:+_7-3","HOPX",-1.82116601647973,3.74224864417462,14.5352450945761,0.000137561742176261,0.0118337822594852
"RPL22_CCDS58.1_ex1_1:6253005-6253028:-_5-1","RPL22",-1.94847431232316,1.88372035853694,14.5266850507722,0.000138188183258791,0.0118761417709296
"KPNB1_CCDS11513.1_ex5_17:45738522-45738545:+_5-1","KPNB1",-2.63429861030356,1.13265116421728,14.5159880526157,0.000138975049875522,0.0119321930903784
"RPS20_CCDS55231.1_ex1_8:56985777-56985800:-_5-1","RPS20",-3.87797593398813,-0.603578178655365,14.5127991560591,0.000139210495474574,0.0119408105877119
"DDX46_CCDS34240.1_ex11_5:134124244-134124267:-_5-5","DDX46",-3.10818860504033,1.02057758055577,14.5108675829315,0.000139353304455875,0.0119408105877119
"ANKRD33B_CCDS47191.1_ex2_5:10638232-10638255:-_5-4","ANKRD33B",-1.66805327395694,2.36957043871245,14.5082600727157,0.000139546322179124,0.0119408105877119
"U2AF1_CCDS13694.1_ex3_21:44515542-44515565:-_5-5","U2AF1",-4.82058067879785,-3.61639617552288,14.5057221444157,0.000139734447685414,0.0119408105877119
"RAE1_CCDS13458.1_ex5_20:55942119-55942142:+_5-5","RAE1",-2.3685798703888,1.38683697839431,14.5055228211771,0.000139749233454363,0.0119408105877119
"RPA2_CCDS314.1_ex5_1:28233515-28233538:-_5-5","RPA2",-3.84697323705874,-0.874861254211212,14.5012336354849,0.000140067786569998,0.0119501708236663
"STX5_CCDS58140.1_ex9_11:62598532-62598555:+_5-5","STX5",-2.02951137413711,1.9013171156388,14.5004170237529,0.000140128518224379,0.0119501708236663
"EIF2B4_CCDS33164.1_ex6_2:27590879-27590902:+_5-1","EIF2B4",-3.03811689746981,0.945331846603773,14.489942369571,0.000140909876563272,0.0120052505026589
"IARS_CCDS6694.1_ex28_9:95048040-95048063:+_5-4","IARS",-4.0653301397409,-1.60031580132763,14.4788143822811,0.000141744776831175,0.0120647816483219
"RPL18A_CCDS12367.1_ex2_19:17972947-17972970:+_5-4","RPL18A",-2.84126771206457,1.09675758706301,14.4732961732878,0.000142160637444169,0.0120885656827045
"PSMB1_CCDS34577.1_ex4_6:170858115-170858138:-_5-3","PSMB1",-3.20313858735934,0.305880316244311,14.4654180459156,0.000142756474892622,0.012117361150598
"NARFL_CCDS10425.1_ex8_16:787233-787256:+_5-4","NARFL",-2.22052778186571,2.23735464145259,14.4652029120614,0.000142772781089591,0.012117361150598
"XAB2_CCDS32892.1_ex14_19:7691051-7691074:+_5-3","XAB2",-2.99072441946109,1.21062256215545,14.4549432727533,0.000143552597710471,0.0121718865767789
"CKAP5_CCDS31477.1_ex20_11:46797891-46797914:+_5-1","CKAP5",-3.22579401874678,0.623983644226699,14.4525034055824,0.000143738677954534,0.0121760127139956
"TICRR_CCDS10352.2_ex0_15:90118915-90118938:+_5-1","TICRR",-3.22315176099989,0.983093245180703,14.4438265766053,0.000144402399605916,0.0122205530272033
"DRD5_CCDS3405.1_ex0_4:9784308-9784331:-_5-4","DRD5",-2.67922950159799,1.49079500296869,14.4390833145802,0.000144766532344978,0.012239678783358
"ERCC2_CCDS33049.1_ex19_19:45872237-45872260:-_5-5","ERCC2",-1.78560502922066,2.58753278380312,14.43718044179,0.000144912872609845,0.0122403717735633
"POLR1B_CCDS2097.1_ex5_2:113309497-113309520:-_5-2","POLR1B",-3.10214710096287,0.19767843785487,14.4341094387699,0.000145149362071473,0.0122486708340047
"KRTAP5-10_CCDS41684.1_ex0_11:71276886-71276909:+_3-3","KRTAP5-10",-2.64884102737567,1.14421342477922,14.4228610520294,0.000146018892598518,0.0123103234991287
"TIMM13_CCDS12089.1_ex1_19:2427260-2427283:+_5-2","TIMM13",-2.19275724084748,1.9687867741703,14.4048162754434,0.000147424772260354,0.0124170336225294
"POP4_CCDS12416.1_ex3_19:30102784-30102807:-_5-3","POP4",-2.5045501950429,1.5674269432986,14.3998349927231,0.00014781526215466,0.0124380998276124
"HRK_CCDS9181.1_ex0_12:117318934-117318957:+_5-2","HRK",-3.15651544948345,0.969344592781612,14.3958986585831,0.000148124573585992,0.0124523016766227
"HINFP_CCDS58188.1_ex1_11:119001527-119001550:+_5-3","HINFP",-2.95146164356057,0.682287583270648,14.3923170914875,0.00014840657418877,0.0124641828555167
"ORC6_CCDS10722.1_ex1_16:46725020-46725043:-_5-2","ORC6",-2.9354633363546,1.09487451819745,14.3742799264623,0.000149834998418831,0.0125722347252831
"NCAPD2_CCDS8548.1_ex5_12:6623494-6623517:-_5-2","NCAPD2",-2.83873340886324,1.54132408274486,14.3634479954128,0.000150699460969162,0.0126223877659251
"TAF6_CCDS55135.1_ex5_7:99708868-99708891:+_5-1","TAF6",-1.43956075480134,3.515951633931,14.3625894143867,0.000150768196075653,0.0126223877659251
"AURKB_CCDS11134.1_ex3_17:8110171-8110194:+_5-3","AURKB",-3.47492094380098,-0.1697559303125,14.3612635865543,0.000150874399407667,0.0126223877659251
"TCF7_CCDS4169.1_ex3_5:133473768-133473791:-_5-2","TCF7",-2.35908004374904,1.62259226139663,14.3596651512619,0.000151002539691225,0.0126223877659251
"PSMC4_CCDS12547.1_ex3_19:40480230-40480253:-_5-2","PSMC4",-2.48731208224493,2.26288146112955,14.3556483730995,0.000151325032965375,0.0126374230640245
"KRTAP5-8_CCDS41683.1_ex0_11:71249297-71249320:-_3-2","KRTAP5-8",-1.77816124684018,2.65333391212829,14.3364728046162,0.000152874157840449,0.0127547717792946
"RPL36_CCDS12147.1_ex1_19:5691336-5691359:+_5-2","RPL36",-1.99168229024247,2.16913552717353,14.3091259337808,0.000155111082155949,0.0129292309929539
"POLR2C_CCDS10782.1_ex4_16:57503101-57503124:-_5-2","POLR2C",-3.56527865455899,0.512633701246317,14.2968544910153,0.000156125549790153,0.0129805275246676
"PSMA6_CCDS61437.1_ex3_14:35780003-35780026:+_5-1","PSMA6",-3.63341221998584,-0.1743534003028,14.2968508457663,0.000156125852129687,0.0129805275246676
"GINS2_CCDS10953.1_ex3_16:85721129-85721152:-_5-4","GINS2",-2.4829981185324,2.30397756840771,14.2963671605484,0.000156165974553593,0.0129805275246676
"PRPF19_CCDS7995.1_ex8_11:60668780-60668803:-_5-1","PRPF19",-3.16985217643553,1.00808409781847,14.2814116379381,0.000157411695254011,0.0130675095425267
"EIF4A3_CCDS11767.1_ex6_17:78113523-78113546:-_5-1","EIF4A3",-3.58708105620002,-0.175408795327466,14.2802676539313,0.000157507394436252,0.0130675095425267
"USP39_CCDS33234.1_ex4_2:85852725-85852748:-_5-4","USP39",-1.9778588678192,1.8653970348036,14.2699114281904,0.000158376407701478,0.0131273152299318
"RPL7_CCDS6212.1_ex2_8:74204113-74204136:-_5-3","RPL7",-3.27388927230683,0.387399556388271,14.262242050851,0.000159023072168514,0.0131517073434745
"KIF11_CCDS7422.1_ex9_10:94381131-94381154:+_5-5","KIF11",-3.36268514251898,-0.0883259308673604,14.26210142444,0.000159034954259817,0.0131517073434745
"PMF1_CCDS30886.1_ex0_1:156182907-156182930:+_5-5","PMF1",-2.78222868186067,1.6049292487723,14.2611427877076,0.000159115977159612,0.0131517073434745
"INTS4_CCDS31644.1_ex18_11:77672123-77672146:+_5-2","INTS4",-2.91225920682132,0.637812229229851,14.2496638501982,0.000160089399237427,0.0132198334658262
"SYMPK_CCDS12676.2_ex19_19:46347335-46347358:+_5-4","SYMPK",-2.40928236568132,1.51884366429115,14.2472245006528,0.000160297029221467,0.0132246541631259
"AK1_CCDS6881.1_ex3_9:130635054-130635077:-_5-5","AK1",-1.58085694459159,3.4520359221138,14.2235923656756,0.000162322618138008,0.0133793096769641
"UNKL_CCDS53980.1_ex2_16:1417773-1417796:+_13-7","UNKL",-2.17695052287668,1.82338080867833,14.2215275953021,0.000162500816333613,0.0133815495651079
"CSTF3_CCDS7883.1_ex11_11:33123822-33123845:+_8-2","CSTF3",-1.8642554292588,2.22862460301408,14.219517892948,0.000162674451132653,0.0133834098579943
"THOC2_CCDS43988.1_ex32_X:122830655-122830678:-_5-5","THOC2",-3.26759916477779,0.308274056484395,14.2078603756088,0.000163685332195101,0.0134540839930233
"PRPF31_CCDS12879.1_ex5_19:54627229-54627252:-_5-4","PRPF31",-2.83517621054889,0.539158703031069,14.2054929723974,0.00016389139302111,0.0134585363948364
"DGCR14_CCDS13756.1_ex7_22:19130103-19130126:-_5-3","DGCR14",-1.86319859153688,2.36198049302625,14.2010082369263,0.00016428246477245,0.013475205980062
"RPS3_CCDS58161.1_ex2_11:75112727-75112750:+_5-3","RPS3",-2.8130345634082,0.693889704368991,14.1996790963632,0.000164398547101178,0.013475205980062
"NSL1_CCDS1509.1_ex5_1:212964921-212964944:-_5-4","NSL1",-2.48483236349347,1.31596362884382,14.1931412166263,0.000164970745516628,0.0135017696156442
"ORAOV1_CCDS8192.1_ex2_11:69486570-69486593:-_5-3","ORAOV1",-2.70280646029538,1.36525927335519,14.1924953000094,0.000165027385208029,0.0135017696156442
"SNAPC4_CCDS6998.1_ex10_9:139281928-139281951:+_5-1","SNAPC4",-2.28495801852458,2.23882698166706,14.1857027089832,0.00016562420698884,0.0135380982328904
"MED20_CCDS4862.1_ex2_6:41884530-41884553:-_5-4","MED20",-1.49183821473036,3.13142658888671,14.1836900614175,0.000165801462649528,0.0135400962207595
"GTF2A1_CCDS9873.1_ex6_14:81670242-81670265:-_5-5","GTF2A1",-2.19312147112978,1.76024777721461,14.1770341834295,0.000166389013525725,0.0135755662361513
"CCDC59_CCDS9023.1_ex3_12:82752002-82752025:+_5-5","CCDC59",-1.42628359467558,3.15841051317223,14.1620352983072,0.000167720746188231,0.0136716324165174
"ECD_CCDS44433.1_ex10_10:74920278-74920301:+_5-5","ECD",-3.36241338209338,0.175216456600884,14.1484982287414,0.000168931900649741,0.0137539226588178
"TUBGCP4_CCDS42030.1_ex8_15:43678500-43678523:+_5-5","TUBGCP4",-1.69004729635337,3.55494831790069,14.1472867773226,0.000169040717055871,0.0137539226588178
"TINF2_CCDS41936.1_ex8_14:24711432-24711455:-_5-5","TINF2",-2.18104096915498,1.58165436941589,14.1387085488463,0.000169813263154908,0.013804104582664
"RPLP1_CCDS10233.1_ex2_15:69747534-69747557:-_7-4","RPLP1",-1.89586624250007,2.15952956927093,14.1317916245718,0.000170438782913411,0.0138422537111143
"CCT5_CCDS3877.1_ex3_5:10256119-10256142:+_5-2","CCT5",-2.90592611638469,0.662086574073251,14.1292895367255,0.000170665625903583,0.0138479839274843
"POLA2_CCDS8098.1_ex5_11:65046251-65046274:+_5-2","POLA2",-1.56483093121511,2.89282530594819,14.125280475238,0.000171029727474313,0.0138648307708957
"IPO13_CCDS503.1_ex1_1:44415325-44415348:+_5-2","IPO13",-1.91953562703729,2.75229432513994,14.1229690466518,0.000171240006075118,0.0138691882799743
"THOC3_CCDS4397.1_ex5_5:175394992-175395015:-_5-2","THOC3",-2.43323046116843,1.76867658633958,14.1126673033398,0.000172180362050252,0.0139326147578307
"POP5_CCDS9202.1_ex3_12:121018945-121018968:+_5-3","POP5",-2.40527560733815,1.78086080140346,14.1028928947789,0.000173077390441264,0.0139924226801448
"CCT3_CCDS1140.2_ex7_1:156290790-156290813:+_5-3","CCT3",-2.06109337460912,1.66941105683444,14.0949531438965,0.000173809510099504,0.0140388016881282
"EIF4A1_CCDS11113.1_ex2_17:7477922-7477945:-_5-1","EIF4A1",-2.37176526608409,1.62631289463956,14.0916393289029,0.000174115996845264,0.0140415991408369
"MEPCE_CCDS55136.1_ex0_7:100029139-100029162:+_10-6","MEPCE",-2.10176583731671,1.72789756615312,14.0911522760785,0.000174161089043403,0.0140415991408369
"NHP2_CCDS34308.1_ex2_5:177580699-177580722:+_6-6","NHP2",-1.9763015515026,1.99785266404754,14.0673786782069,0.000176376448915903,0.0142072833024023
"TRAPPC5_CCDS42490.1_ex0_19:7747388-7747411:+_5-3","TRAPPC5",-2.25764211676583,1.9215856608601,14.0411183261812,0.000178856548505093,0.0143939721497205
"PRR13_CCDS31811.1_ex1_12:53837392-53837415:+_6-3","PRR13",-1.83921932007845,3.16775646379613,14.0293849409277,0.000179976006616243,0.0144593027287978
"RBM39_CCDS13265.1_ex6_20:34302283-34302306:-_5-1","RBM39",-3.77265914470372,-0.630805586594054,14.029189572924,0.000179994705887457,0.0144593027287978
"TARS_CCDS3899.1_ex7_5:33456259-33456282:-_5-4","TARS",-3.12577350170398,-0.524109178158553,14.009482507682,0.000181891019622013,0.0145984018882501
"ZNF254_CCDS32983.1_ex1_19:24288797-24288820:-_11-2","ZNF254",-2.20871330388454,2.12057691438888,13.9890017140465,0.000183883114336406,0.0147429140436717
"THOC2_CCDS43988.1_ex22_X:122774459-122774482:-_5-1","THOC2",-3.02357285179189,1.10184951808535,13.9869150416226,0.000184087307233702,0.0147429140436717
"MAX_CCDS41965.1_ex1_14:65544745-65544768:-_11-6","MAX",-2.46946954673021,1.30828637638644,13.9858588077565,0.000184190752842297,0.0147429140436717
"PSMD3_CCDS11356.1_ex3_17:38144982-38145005:-_5-4","PSMD3",-2.51775509467181,1.13932444898596,13.972155802503,0.000185538119638473,0.0148373561630745
"UFD1L_CCDS13761.1_ex8_22:19459288-19459311:+_5-3","UFD1L",-2.21915911660488,1.2013096325929,13.9684657275142,0.000185902645090958,0.0148531016870418
"USP5_CCDS31733.1_ex9_12:6969357-6969380:+_5-5","USP5",-1.53064267218828,2.89796226752904,13.9637954545681,0.000186365034277524,0.0148634306787837
"UBE2M_CCDS12987.1_ex4_19:59068485-59068508:+_5-3","UBE2M",-1.95084363808959,2.28879663539825,13.963771403389,0.000186367418505842,0.0148634306787837
"COPA_CCDS1202.1_ex25_1:160293295-160293318:-_5-4","COPA",-3.72879454855851,-0.463858210872182,13.9602557148637,0.000186716264525394,0.0148778609123535
"PRIM1_CCDS44926.1_ex9_12:57140610-57140633:-_5-4","PRIM1",-3.65358156767352,-0.00937651417132994,13.9568646359598,0.000187053369281482,0.0148913304928617
"CPSF3_CCDS1664.1_ex2_2:9570039-9570062:+_5-1","CPSF3",-1.82254037864551,2.79452982859122,13.9544854548654,0.000187290247888078,0.014896804043421
"CTDP1_CCDS12017.1_ex2_18:77456007-77456030:-_5-3","CTDP1",-2.24888251471259,2.05256355686241,13.9423827852698,0.000188499913398309,0.0149795724901978
"SUPT16H_CCDS9569.1_ex19_14:21836539-21836562:+_5-4","SUPT16H",-4.11369115180825,-0.499544603988024,13.9114718988239,0.000191625309264832,0.0152142940436556
"MED6_CCDS61483.1_ex3_14:71060067-71060090:+_5-3","MED6",-4.66862808938786,-3.82181959463813,13.9026647682059,0.000192525315664041,0.015272066356068
"POLR1C_CCDS4901.1_ex5_6:43488008-43488031:-_5-5","POLR1C",-3.48903060398605,-0.496227494142835,13.8894476753367,0.0001938839759272,0.0153660854839047
"ZNF695_CCDS44344.1_ex2_1:247163248-247163271:-_7-7","ZNF695",-3.45945105886495,0.385172040418248,13.8770530202234,0.000195166868327954,0.0154539370286566
"SPC24_CCDS45974.1_ex2_19:11258692-11258715:-_5-2","SPC24",-3.18267588667675,0.670216277208265,13.8563515778087,0.000197328641784283,0.0156111621731591
"WDR43_CCDS46251.1_ex3_2:29135486-29135509:+_5-4","WDR43",-3.00299027150021,0.492136467432363,13.8533063734981,0.000197648669859752,0.0156225317052571
"POLR2H_CCDS3264.1_ex3_3:184084532-184084555:+_9-7","POLR2H",-3.48940185534739,-0.498192384412416,13.8462532337433,0.000198391911288834,0.0156673027554888
"DNMT1_CCDS12228.1_ex25_19:10270503-10270526:+_5-5","DNMT1",-1.95256367359497,2.45186659756148,13.839840661665,0.000199070094827957,0.015706860928162
"NOP16_CCDS43403.1_ex4_5:175815424-175815447:+_5-5","NOP16",-1.61046010693329,3.20888574499016,13.8336642053814,0.000199725515202657,0.0157444748217822
"UPF2_CCDS7086.1_ex19_10:12071176-12071199:+_5-4","UPF2",-2.82310592013637,0.975819831937092,13.8320026994623,0.000199902198208981,0.0157444748217822
"DDB1_CCDS31576.1_ex17_11:61089113-61089136:-_5-1","DDB1",-2.98839138598804,0.387553312034604,13.8257106084237,0.000200572721805771,0.0157689991770407
"KRR1_CCDS9012.1_ex7_12:75900653-75900676:+_5-4","KRR1",-2.33780195606954,1.62409894061328,13.8249969553956,0.000200648915955287,0.0157689991770407
"ERCC3_CCDS2144.1_ex12_2:128050318-128050341:+_5-5","ERCC3",-2.04251079194516,2.48083943189722,13.824074200284,0.000200747478406675,0.0157689991770407
"PSMA3_CCDS45113.1_ex5_14:58727675-58727698:+_5-4","PSMA3",-3.08615080824646,-0.230674764933237,13.8175122222385,0.000201449792634712,0.0158093311950596
"RRP9_CCDS2837.1_ex9_3:51971238-51971261:+_5-3","RRP9",-2.27434011739753,1.78287919171095,13.8159461511039,0.000201617771374594,0.0158093311950596
"NCAPG_CCDS3424.1_ex1_4:17813910-17813933:+_5-2","NCAPG",-1.89530614538545,1.99231513036896,13.8024054032362,0.000203076066356067,0.0158880663125155
"NHP2L1_CCDS14022.1_ex0_22:42071117-42071140:+_5-2","NHP2L1",-4.01738631615678,-0.504583567431843,13.8019502035217,0.000203125274095005,0.0158880663125155
"RPL18_CCDS12726.1_ex3_19:49120006-49120029:-_5-4","RPL18",-3.01672683686905,0.511378383249508,13.8016306878767,0.000203159821367403,0.0158880663125155
"SF3B3_CCDS10894.1_ex6_16:70573002-70573025:-_5-3","SF3B3",-3.02126023442241,0.50732894460674,13.7867279527018,0.0002047777572309,0.0160004743890662
"EXOSC2_CCDS65160.1_ex0_9:133569246-133569269:+_5-1","EXOSC2",-2.08749687144001,2.53838124827664,13.7849770841921,0.00020496869285324,0.0160012828184618
"CSE1L_CCDS13412.1_ex12_20:47695108-47695131:-_5-5","CSE1L",-2.85300569692069,0.810738349362942,13.7821258667676,0.000205280007608543,0.0160114791850022
"YARS_CCDS368.1_ex11_1:33276564-33276587:-_5-5","YARS",-2.88067883675556,0.823313596387128,13.7746118050152,0.000206102726446534,0.0160299559153505
"SYF2_CCDS258.1_ex4_1:25558627-25558650:+_5-5","SYF2",-1.60819529057378,2.74288481975821,13.7744381158542,0.000206121783000866,0.0160299559153505
"RPL10A_CCDS4806.1_ex3_6:35437170-35437193:-_5-2","RPL10A",-2.77355439983549,0.844086236909534,13.7737008212009,0.000206202696100202,0.0160299559153505
"NPLOC4_CCDS45812.1_ex13_17:79580410-79580433:-_5-5","NPLOC4",-1.53425282278376,2.81689820438069,13.7733560339429,0.000206240545149308,0.0160299559153505
"ISCU_CCDS44966.1_ex2_12:108959112-108959135:+_5-4","ISCU",-3.06681166177324,0.811154754637239,13.7456008598459,0.000209310445656476,0.0162543044240471
"PHF5A_CCDS14016.1_ex1_22:41863557-41863580:+_5-5","PHF5A",-3.56898215260719,0.385922256278486,13.7329430463718,0.000210725726870388,0.016349880696215
"RPL38_CCDS11696.1_ex2_17:72205374-72205397:+_2-1","RPL38",-3.57821061169782,-0.138092204756143,13.7290028482807,0.000211168248656703,0.016369880875307
"CRCP_CCDS47599.1_ex4_7:65617247-65617270:-_14-13","CRCP",-2.13590807117291,1.97731748976127,13.7232464785106,0.0002118164275048,0.0164057748037503
"INTS9_CCDS34873.1_ex8_8:28654122-28654145:-_5-3","INTS9",-2.28973528033989,1.56403323945549,13.7157416387137,0.000212664498983355,0.0164570747571347
"KIAA1429_CCDS34923.1_ex16_8:95539162-95539185:+_5-2","KIAA1429",-2.93905510489287,0.827606372589621,13.7030326513735,0.000214108465915718,0.0165543584039512
"DONSON_CCDS13632.1_ex9_21:34960682-34960705:+_5-5","DONSON",-2.13735626559223,1.8043567904642,13.6996070309187,0.000214499364742994,0.0165701226786554
"GTF2B_CCDS715.1_ex1_1:89323068-89323091:-_5-2","GTF2B",-3.83541311536956,-0.222163373842564,13.6873146846259,0.000215907978060057,0.0166644096724647
"KRTAP4-2_CCDS11384.1_ex0_17:39334222-39334245:+_5-2","KRTAP4-2",-3.02348058165546,0.639113875429009,13.6759140847641,0.000217222733462397,0.0167512946224274
"MYC_CCDS6359.2_ex1_8:128751065-128751088:+_5-4","MYC",-2.05824700915517,2.43946526970241,13.6722156277604,0.000217650982541844,0.0167630898604392
"DTL_CCDS1502.1_ex8_1:212241647-212241670:+_5-4","DTL",-3.21826685015256,-0.145521075735566,13.6713265036803,0.000217754062133101,0.0167630898604392
"RUVBL1_CCDS3047.1_ex7_3:127823669-127823692:+_5-3","RUVBL1",-2.37312538250412,1.81795657081771,13.6663872674486,0.000218327583145674,0.0167926508960118
"ORC6_CCDS10722.1_ex2_16:46726397-46726420:-_5-3","ORC6",-3.50369870377837,-0.0488025847544546,13.6640333583568,0.000218601443335472,0.0167991322534109
"LCE1E_CCDS1024.1_ex0_1:152760020-152760043:-_2-2","LCE1E",-2.3463454422174,1.18810463461832,13.6571730830156,0.000219401562407032,0.0168460093922335
"BIRC5_CCDS11755.1_ex1_17:76210819-76210842:+_5-4","BIRC5",-2.61970639262751,1.1026204363398,13.6494072229889,0.000220310861996429,0.0169011811584897
"FDX1L_CCDS32905.1_ex2_19:10426108-10426131:-_5-1","FDX1L",-2.90460104157713,0.916397898974915,13.6243987443451,0.000223264973577098,0.017098255617899
"SMC1A_CCDS14352.1_ex15_X:53432738-53432761:-_5-1","SMC1A",-2.51768527704143,1.05525316446188,13.623644568624,0.000223354677459543,0.017098255617899
"MED22_CCDS6963.1_ex2_9:136212069-136212092:-_5-3","MED22",-1.82039136982451,2.05501510044034,13.622300884202,0.000223514589245194,0.017098255617899
"BMF_CCDS10052.1_ex2_15:40398157-40398180:+_5-5","BMF",-2.46148197460938,1.42366927667474,13.621149964654,0.000223651651819797,0.017098255617899
"C17orf102_CCDS42297.1_ex1_17:32906122-32906145:+_5-3","C17orf102",-1.95212130285587,1.54872826035374,13.61892757418,0.000223916555167273,0.0171037502475443
"PSMD11_CCDS11272.1_ex1_17:30774030-30774053:+_5-1","PSMD11",-2.065199838836,1.95730449036618,13.6097972139883,0.00022500819287965,0.0171723306962052
"UPF1_CCDS12386.1_ex5_19:18963008-18963031:-_5-3","UPF1",-2.06639517436721,1.95096761274307,13.6035996643384,0.000225752233897507,0.017213857981459
"PRPF38B_CCDS788.1_ex1_1:109238322-109238345:+_5-3","PRPF38B",-3.13574168097652,1.17056590356164,13.600880457033,0.000226079467810443,0.017213857981459
"SLMO2_CCDS42893.1_ex4_20:57613618-57613641:+_5-5","SLMO2",-3.3838121718119,0.00076111176481662,13.600418189491,0.000226135145367338,0.017213857981459
"MAK16_CCDS6089.1_ex2_8:33346104-33346127:-_5-1","MAK16",-2.37818667970005,1.3314505074952,13.5983243833748,0.000226387505753908,0.0172149210514253
"ARMC9_CCDS2484.1_ex2_2:232079695-232079718:+_5-2","ARMC9",-1.85233407939884,2.40014578159368,13.597079494809,0.000226537683068437,0.0172149210514253
"GMPPB_CCDS2802.1_ex6_3:49760859-49760882:-_5-4","GMPPB",-1.77950029395728,4.12385562954628,13.5942715684572,0.00022687678635091,0.0172259164793562
"SF3A2_CCDS12084.1_ex5_19:2246926-2246949:+_5-4","SF3A2",-2.42992681071538,1.56305397604104,13.5868697655624,0.000227773129080634,0.0172791659891427
"EIF3B_CCDS5332.1_ex1_7:2400357-2400380:+_5-1","EIF3B",-1.69641300838539,2.53421855867502,13.5723205811689,0.000229545419098445,0.0173987180535815
"NLE1_CCDS11291.1_ex10_17:33467027-33467050:-_7-7","NLE1",-2.39948448915548,1.32964447697044,13.5577671387822,0.000231332130723537,0.0175191579272562
"MAD2L1_CCDS3715.1_ex3_4:120986869-120986892:+_5-3","MAD2L1",-3.94437651901454,-1.90616863752137,13.5535695179512,0.000231850067704675,0.0175433877873958
"ZNF501_CCDS2720.2_ex0_3:44776130-44776153:-_5-2","ZNF501",-4.59750602403833,-3.64938610698148,13.5498488499906,0.000232310131181422,0.0175632009244548
"KRTAP19-6_CCDS13598.1_ex0_21:31914066-31914089:-_3-3","KRTAP19-6",-1.5318931018806,3.07164927820343,13.5218874877761,0.000235797139825696,0.0178116294726305
"RPL37A_CCDS2404.1_ex2_2:217364675-217364698:+_4-2","RPL37A",-3.30903840679775,0.46483598885102,13.5033432174936,0.000238138804890683,0.0179731916065961
"ANKRD65_CCDS55558.1_ex2_1:1356246-1356269:+_9-6","ANKRD65",-2.43361620197055,1.57056325818463,13.4931386063679,0.000239437366964644,0.0180558190104419
"AARS_CCDS32474.1_ex10_16:70298929-70298952:-_5-1","AARS",-2.91460199974594,0.824352115065838,13.4756267058183,0.000241682452749873,0.0182096219458803
"ATP6V1A_CCDS2976.1_ex1_3:113499975-113499998:+_5-1","ATP6V1A",-2.51125476562254,1.23738663568885,13.4689220571389,0.000242547617183927,0.0182592813663543
"EIF3D_CCDS13930.1_ex7_22:36915443-36915466:+_5-2","EIF3D",-2.10997494665619,2.11477007469691,13.46572871006,0.000242960781700806,0.018274858254144
"NKAP_CCDS14592.1_ex8_X:119077228-119077251:+_5-2","NKAP",-1.964321219398,2.15995611877059,13.4599420177666,0.000243711288808608,0.0183157612011667
"SRSF2_CCDS11749.1_ex1_17:74733085-74733108:+_5-5","SRSF2",-2.09811473221529,2.46522330591584,13.4467058701437,0.000245436751668363,0.018415800742288
"TUT1_CCDS8021.2_ex8_11:62358872-62358895:+_5-4","TUT1",-2.66840722999073,1.24598316072456,13.4465426704249,0.000245458103025101,0.018415800742288
"RFC2_CCDS5567.1_ex8_7:73666757-73666780:-_5-4","RFC2",-2.18579526497961,1.58378049812225,13.4262106388041,0.00024813283221997,0.0185993325329728
"GNB2L1_CCDS34324.1_ex3_5:180666171-180666194:-_5-1","GNB2L1",-2.06919924915765,2.22041323507536,13.4233654176821,0.000248509463801021,0.0185993325329728
"TRRAP_CCDS5659.1_ex21_7:98524945-98524968:+_5-3","TRRAP",-2.7889302012428,0.806553488920377,13.4231796916144,0.000248534069013835,0.0185993325329728
"SMAGP_CCDS44889.1_ex0_12:51639871-51639894:+_5-3","SMAGP",-3.81685835212548,-0.903875193972286,13.4170648783153,0.000249345539447023,0.0186443129689813
"PRAMEF6_CCDS30594.1_ex1_1:13001313-13001336:-_1-1","PRAMEF6",-1.47407139394445,2.92590972738994,13.4151920700419,0.000249594605487673,0.0186472003489382
"DGCR14_CCDS13756.1_ex8_22:19130382-19130405:-_5-5","DGCR14",-4.00836530157295,-0.56552012477413,13.4104389823619,0.000250227848126585,0.0186787604979816
"HIST1H2BB_CCDS4575.1_ex0_6:26043687-26043710:+_4-1","HIST1H2BB",-3.40500249658547,-0.412835333563262,13.4043964857981,0.000251035213893248,0.0187232543453074
"DCTN2_CCDS44930.1_ex7_12:57927758-57927781:-_5-2","DCTN2",-1.35461143828836,3.57330028489316,13.3960806250869,0.000252150629050096,0.0187906296363438
"CACNG6_CCDS12870.1_ex0_19:54496218-54496241:+_5-1","CACNG6",-2.05484067449261,1.43758575590507,13.3830309879379,0.000253911068995776,0.0189059194785208
"DHX15_CCDS33966.1_ex12_4:24577886-24577909:+_5-3","DHX15",-3.08272469460042,0.0442497001663413,13.3798053619118,0.000254348122923157,0.0189225606882697
"ANKLE2_CCDS41869.1_ex8_12:133324446-133324469:-_5-1","ANKLE2",-3.04320285373179,0.573712751994953,13.3720888530265,0.000255396744910527,0.0189846342110253
"KRTAP4-7_CCDS45673.1_ex0_17:39240577-39240600:-_4-2","KRTAP4-7",-2.02667796229118,2.38044642393105,13.350613840428,0.000258338050541108,0.0191871762835251
"PDCD7_CCDS10201.1_ex4_15:65425434-65425457:-_5-3","PDCD7",-2.00398618942486,1.72248150836297,13.3351858639015,0.000260472182597021,0.0193283277845165
"EIF2B4_CCDS33164.1_ex6_2:27590903-27590926:+_5-2","EIF2B4",-3.61021309662363,-0.301117119667124,13.333595582358,0.00026069317195194,0.0193283277845165
"PSMC6_CCDS9710.2_ex5_14:53178220-53178243:+_5-4","PSMC6",-3.80806150749223,-1.50427150839209,13.3321591669466,0.000260892942128995,0.0193283277845165
"ATR_CCDS3124.1_ex44_3:142285041-142285064:+_5-5","ATR",-2.24009938867196,1.70188679494068,13.3250226121363,0.000261887751995511,0.0193858196769543
"U2AF1_CCDS13694.1_ex1_21:44514655-44514678:-_5-1","U2AF1",-3.57128898573194,0.388808278691934,13.3199659027162,0.000262594952492685,0.0194219435397052
"SDAD1_CCDS3573.2_ex12_4:76891460-76891483:-_5-2","SDAD1",-2.35667423502097,1.28861697940168,13.3152267727635,0.000263259485531452,0.0194515248637615
"LST1_CCDS43450.2_ex2_6:31555721-31555744:+_10-4","LST1",-3.15492053815955,0.359457210820292,13.3129803478971,0.000263575076939507,0.0194515248637615
"UBTF_CCDS11480.1_ex11_17:42289080-42289103:-_5-1","UBTF",-2.61269101218051,0.982657223854012,13.3107212854961,0.000263892828302686,0.0194515248637615
"PPIL2_CCDS13793.1_ex6_22:22035601-22035624:-_5-4","PPIL2",-3.11221746926777,0.171744786421117,13.3097736323072,0.000264026236624782,0.0194515248637615
"CPSF1_CCDS34966.1_ex36_8:145634416-145634439:+_5-5","CPSF1",-2.24050283604673,1.86028674759002,13.3093027671292,0.000264092549162642,0.0194515248637615
"XRCC6_CCDS14021.1_ex4_22:42033643-42033666:-_5-4","XRCC6",-2.37694799703729,1.25112745721083,13.3000882724869,0.000265393622095906,0.0195218656707261
"ZNF207_CCDS11271.1_ex2_17:30685542-30685565:+_5-2","ZNF207",-3.09288703254206,0.245865588702276,13.2984132734905,0.000265630822504115,0.0195218656707261
"KRTAP4-11_CCDS45675.1_ex0_17:39274450-39274473:+_4-4","KRTAP4-11",-2.02819725809601,1.99541805000342,13.2978648679394,0.000265708529883931,0.0195218656707261
"POP5_CCDS9202.1_ex3_12:121018916-121018939:-_5-2","POP5",-1.36395906920413,3.92058411574147,13.2929349216579,0.000266408117760033,0.0195570486182647
"PSMD4_CCDS991.1_ex6_1:151238566-151238589:+_5-4","PSMD4",-1.78561351070903,2.4760819914592,13.2842874208739,0.000267639735744302,0.0196311973719864
"CCDC94_CCDS12124.1_ex1_19:4249286-4249309:+_5-1","CCDC94",-2.19800057101692,2.28279516334142,13.277063751777,0.000268672963441058,0.0196903218689089
"EIF3C_CCDS10638.1_ex6_16:28726689-28726712:+_5-5","EIF3C",-1.48262169852403,3.01881173342577,13.2755481889563,0.000268890249660066,0.0196903218689089
"PSMB4_CCDS996.1_ex1_1:151372654-151372677:-_5-5","PSMB4",-2.28868852991229,1.45693440702565,13.2626795532108,0.000270742377761971,0.0198016555881875
"PMPCB_CCDS5730.1_ex4_7:102944335-102944358:+_5-3","PMPCB",-1.90228982329748,2.11793083407197,13.2618820713548,0.000270857578187519,0.0198016555881875
"RRM1_CCDS7750.1_ex7_11:4139652-4139675:+_5-3","RRM1",-2.14040893925981,1.76817148095776,13.2556168715346,0.000271764339644331,0.0198515672535248
"TSG101_CCDS7842.1_ex6_11:18536349-18536372:-_5-4","TSG101",-2.65849376438518,1.28402087041442,13.2515066461261,0.000272360873536106,0.0198787541684845
"SON_CCDS13629.1_ex2_21:34923562-34923585:-_5-2","SON",-1.50921768389482,3.11294998209995,13.2437111311772,0.000273495896706503,0.0199451666037666
"PSMC2_CCDS5731.1_ex4_7:103002484-103002507:-_5-3","PSMC2",-2.28047424509523,1.53395509121867,13.2399109689443,0.000274050925931733,0.0199692075190026
"INCENP_CCDS31582.1_ex2_11:61897760-61897783:+_5-2","INCENP",-1.91035387478927,2.26481620007634,13.226211569274,0.000276061220449105,0.0200991622835772
"TBC1D10C_CCDS58150.1_ex3_11:67173166-67173189:-_5-5","TBC1D10C",-1.78716961081525,2.90441249207765,13.2237365265375,0.000276425998551776,0.0201091970670596
"SYMPK_CCDS12676.2_ex18_19:46345715-46345738:+_5-3","SYMPK",-1.54070183774475,2.54782947826262,13.205793104606,0.000279085116483025,0.0202735750026127
"EIF3CL_CCDS42136.1_ex17_16:28412553-28412576:-_5-4","EIF3CL",-1.63824506803818,3.33708795262718,13.2053792670105,0.000279146748241813,0.0202735750026127
"RPF2_CCDS5088.1_ex5_6:111320909-111320932:-_5-3","RPF2",-2.88230101393416,0.194636320862088,13.2038675831809,0.00027937199600693,0.0202735750026127
"UTP23_CCDS6320.1_ex0_8:117778931-117778954:+_5-1","UTP23",-1.7171866359478,2.67943905201119,13.2005843777374,0.000279861839851205,0.0202854917273283
"ERH_CCDS9794.1_ex2_14:69861544-69861567:-_5-5","ERH",-4.23453789835635,-0.960495607577422,13.1996989535769,0.000279994090496383,0.0202854917273283
"ACTL6A_CCDS3231.1_ex5_3:179294057-179294080:-_5-3","ACTL6A",-2.81861474376554,1.02103557021304,13.1900948900208,0.000281432647635984,0.0203730565166945
"CHMP6_CCDS11774.1_ex4_17:78970854-78970877:+_5-5","CHMP6",-2.28640090204082,1.56524741447461,13.1790671924247,0.000283093637544952,0.0204611975294145
"RBX1_CCDS14009.1_ex1_22:41349580-41349603:-_5-2","RBX1",-4.07200451756732,-2.0258070546975,13.1789451741227,0.000283112071090695,0.0204611975294145
"ACTL6A_CCDS3231.1_ex5_3:179294023-179294046:+_5-2","ACTL6A",-2.1091755642406,2.01905197709806,13.1669948131008,0.000284923310696482,0.0205623937053262
"KRTAP5-2_CCDS31331.1_ex0_11:1619318-1619341:+_5-4","KRTAP5-2",-1.94876388849037,2.52771397588445,13.1666456495656,0.000284976406452617,0.0205623937053262
"VARS_CCDS34412.1_ex27_6:31760751-31760774:+_5-4","VARS",-3.13219862083295,0.175439784112625,13.164885152563,0.000285244269425306,0.0205649745620006
"APH1A_CCDS41390.1_ex3_1:150239860-150239883:+_5-4","APH1A",-4.65548700969586,-1.94538655657809,13.1618351702055,0.000285708930956762,0.0205817280783373
"YRDC_CCDS30675.1_ex3_1:38272859-38272882:-_5-1","YRDC",-3.0774023487612,0.532391432881222,13.1566923864878,0.000286494157274985,0.0206215282692992
"DYNC1H1_CCDS9966.1_ex18_14:102467340-102467363:-_5-2","DYNC1H1",-1.35781591174741,3.97392660889396,13.15180343577,0.00028724264416815,0.0206586215334116
"DEFB129_CCDS12992.1_ex1_20:209958-209981:+_5-1","DEFB129",-3.3048931672967,-0.0718546501465297,13.1501430388489,0.000287497295234134,0.0206601665381311
"ATP6V0D1_CCDS10838.1_ex6_16:67487522-67487545:-_5-4","ATP6V0D1",-2.73476173240411,0.3813898683201,13.1387554540872,0.000289249925430228,0.0207692697671562
"PDCD11_CCDS31276.1_ex15_10:105181307-105181330:+_5-5","PDCD11",-2.28157882473264,1.85757368758222,13.1354549262173,0.000289759910595111,0.0207890418122999
"URM1_CCDS48035.1_ex1_9:131140366-131140389:-_8-2","URM1",-1.52721698185104,3.03300887614326,13.1237433609627,0.000291576863923683,0.0209024754084319
"WDR55_CCDS4235.1_ex3_5:140048277-140048300:-_5-5","WDR55",-1.95514655628998,2.19679100365419,13.1131636083892,0.000293228098863628,0.0210038552367912
"PCNA_CCDS13087.1_ex2_20:5098257-5098280:+_5-1","PCNA",-3.56397005894547,-0.335266223941281,13.1072122627069,0.000294161094973402,0.0210536655744857
"EXOSC7_CCDS2725.1_ex1_3:45030702-45030725:+_5-2","EXOSC7",-1.91036315093908,2.69488828176775,13.1029453193301,0.000294831867894291,0.0210846428463612
"RBM39_CCDS13265.1_ex10_20:34312992-34313015:-_5-4","RBM39",-3.42800181159523,-0.223988767061709,13.0947416771901,0.00029612583408006,0.0211601013342724
"LIN52_CCDS32120.1_ex4_14:74567842-74567865:+_5-4","LIN52",-2.69726963456311,0.454591548299654,13.0922799105515,0.000296515245946276,0.021170854055049
"LTV1_CCDS5201.1_ex5_6:144179029-144179052:+_5-5","LTV1",-1.76993667961699,2.94150105033603,13.0839355152534,0.000297839039904874,0.0212482495731169
"KRTAP5-5_CCDS41592.1_ex0_11:1651262-1651285:-_5-2","KRTAP5-5",-1.38865130928989,2.94145908393762,13.0752208932788,0.000299227929842598,0.0213301608621346
"BANF1_CCDS8125.1_ex1_11:65771107-65771130:-_5-4","BANF1",-3.03909944690966,0.652917352462017,13.0718648669333,0.000299764535285155,0.0213512350590647
"PFDN2_CCDS1217.1_ex1_1:161071943-161071966:+_5-4","PFDN2",-2.53840753656793,1.47156761504129,13.0482470522639,0.000303568400266595,0.0216048045574474
"PGAM4_CCDS35338.1_ex0_X:77224931-77224954:-_5-3","PGAM4",-2.76172852942898,1.59735212493288,13.0305369982314,0.000306452663808754,0.0217925720139956
"AKIRIN2_CCDS5013.1_ex4_6:88411216-88411239:+_5-4","AKIRIN2",-1.89858516445816,1.98111524274366,13.0287983894752,0.000306737299190491,0.0217953208757599
"SAP30BP_CCDS11726.1_ex5_17:73698629-73698652:+_5-4","SAP30BP",-3.82966657408892,-0.372413639635769,13.0245386199453,0.000307435812136004,0.0218274499760599
"PPP1R7_CCDS2546.1_ex5_2:242099886-242099909:+_5-5","PPP1R7",-1.60642932387021,2.94185625098716,13.0194201496501,0.000308277255703943,0.0218696673490021
"MED6_CCDS61483.1_ex2_14:71059688-71059711:-_5-1","MED6",-2.39011558057329,1.32982212397598,13.0099778791923,0.000309835601834589,0.0219614725878651
"BUB3_CCDS31306.1_ex0_10:124914533-124914556:-_5-1","BUB3",-2.13733335869684,2.12951302222642,13.0080280148162,0.000310158394298781,0.0219614725878651
"SSU72_CCDS32.1_ex3_1:1500215-1500238:+_5-4","SSU72",-2.11877820235239,2.07929855990099,13.0070832484034,0.000310314918628615,0.0219614725878651
"HIST1H2AL_CCDS4634.1_ex0_6:27833269-27833292:+_5-3","HIST1H2AL",-3.09932630289094,0.0808703765090172,12.9944751768284,0.000312411402599542,0.0220921985145531
"ESPL1_CCDS8852.1_ex1_12:53663106-53663129:+_5-1","ESPL1",-1.79480190068495,2.32602390551586,12.9883458521393,0.000313435746511066,0.0221469599325036
"ISG20L2_CCDS1153.1_ex2_1:156696762-156696785:+_5-1","ISG20L2",-2.60032384594009,1.20470999229405,12.9784970483252,0.000315088794049042,0.0222307967170627
"ZNF335_CCDS13389.1_ex17_20:44589488-44589511:+_5-1","ZNF335",-1.43724951444138,2.96953685046132,12.9782876225705,0.00031512403986898,0.0222307967170627
"MED4_CCDS59241.1_ex1_13:48654084-48654107:+_5-1","MED4",-1.94673303912135,2.29243258885075,12.96996514278,0.000316527914649836,0.0223062226784545
"ATP2A2_CCDS9143.1_ex4_12:110734453-110734476:+_5-1","ATP2A2",-3.01710547747222,0.606406356889295,12.9677903433961,0.000316895808115306,0.0223062226784545
"MCM10_CCDS7095.1_ex7_10:13228256-13228279:-_5-5","MCM10",-2.39447252768764,1.71916418290135,12.9674793600833,0.000316948449903778,0.0223062226784545
"RANGAP1_CCDS14012.1_ex9_22:41654017-41654040:+_5-3","RANGAP1",-2.46241220158864,0.748924153676339,12.9592754357637,0.000318340360530069,0.0223864015754978
"ARL2_CCDS55770.1_ex1_11:64785892-64785915:+_5-2","ARL2",-1.81838062622983,2.95848638641377,12.9543252124753,0.000319183215127059,0.022427873084495
"RPF1_CCDS695.1_ex0_1:84945151-84945174:+_5-2","RPF1",-1.73986841070917,2.54934301400029,12.9507252333814,0.000319797581977634,0.0224504410178126
"CCDC94_CCDS12124.1_ex2_19:4251107-4251130:-_5-4","CCDC94",-2.43975411268631,1.10868664926591,12.9494754940218,0.000320011139262547,0.0224504410178126
"RCL1_CCDS6456.1_ex6_9:4844584-4844607:+_5-5","RCL1",-2.64125618573905,1.11446862502273,12.9445359591056,0.000320856622521536,0.0224919477018538
"NSUN5_CCDS55118.1_ex3_7:72718807-72718830:+_5-3","NSUN5",-2.065241781125,2.16255598128973,12.9282233341833,0.000323664833956677,0.0226697750002003
"ZNF559_CCDS12211.1_ex1_19:9449878-9449901:-_12-4","ZNF559",-3.3957809788466,-0.134997497227351,12.926834295217,0.000323905098416061,0.0226697750002003
"ALG1L_CCDS33840.1_ex2_3:125650552-125650575:-_5-3","ALG1L",-1.85628978211463,2.08101187480509,12.9247798293792,0.000324260792659885,0.0226767575330875
"DGCR14_CCDS13756.1_ex5_22:19127158-19127181:+_5-1","DGCR14",-1.57987792225512,2.57068278758508,12.9194040461316,0.000325193378772141,0.0227240414191516
"MDN1_CCDS5024.1_ex75_6:90457117-90457140:-_5-3","MDN1",-2.12391410003586,2.46447563692771,12.909938112489,0.00032684209961937,0.0228198497920122
"SNRPF_CCDS9055.1_ex1_12:96255019-96255042:+_5-1","SNRPF",-3.61923953766477,-0.156755923297494,12.908461086394,0.00032710011851482,0.0228198497920122
"RPS23_CCDS47241.1_ex2_5:81573540-81573563:+_5-4","RPS23",-2.62422619592226,1.00629345987786,12.9071056522656,0.000327337077462559,0.0228198497920122
"RPL5_CCDS741.1_ex3_1:93300463-93300486:-_5-5","RPL5",-3.66968656630939,-0.18033158781309,12.9034685160325,0.000327973782645773,0.0228462617807479
"SF3B4_CCDS941.1_ex4_1:149899072-149899095:+_5-4","SF3B4",-1.90401808633896,2.54173283032754,12.8831203155142,0.00033155897955132,0.0230778593418101
"RPS15A_CCDS10571.1_ex1_16:18796106-18796129:+_5-1","RPS15A",-3.10509265555222,0.18994210757822,12.8625219878897,0.000335228504254037,0.0233149582793824
"POLR1A_CCDS42706.1_ex20_2:86292520-86292543:-_5-2","POLR1A",-3.03584346362764,0.662097061335472,12.8609860141872,0.00033550376822072,0.0233158014799726
"PSMC6_CCDS9710.2_ex3_14:53175512-53175535:+_5-1","PSMC6",-2.41606276909514,1.45320677647386,12.8439644954986,0.00033856951994426,0.0235104160534335
"NUP88_CCDS11070.1_ex11_17:5308398-5308421:-_5-1","NUP88",-2.19404764772497,1.49851630114295,12.8370028164163,0.000339831516103132,0.0235795703334644
"UQCR11_CCDS12073.1_ex0_19:1599501-1599524:+_3-2","UQCR11",-1.70850352602262,2.81896733021462,12.8343409441572,0.000340315306536027,0.0235852878722287
"NUDCD3_CCDS5490.2_ex4_7:44524561-44524584:-_5-2","NUDCD3",-1.90682431265854,2.57022107776098,12.8336209626432,0.000340446281161326,0.0235852878722287
"U2SURP_CCDS46928.1_ex15_3:142747329-142747352:+_5-4","U2SURP",-2.36319317541641,1.11147028559988,12.8275046081827,0.000341560983080402,0.0236279222015239
"TXNL4A_CCDS32852.1_ex2_18:77748268-77748291:-_5-4","TXNL4A",-3.33360568997295,0.212404238316123,12.8273181650455,0.00034159501997779,0.0236279222015239
"GTPBP4_CCDS31132.1_ex4_10:1043174-1043197:-_5-4","GTPBP4",-2.55642972010266,1.1237908605536,12.8254826258721,0.000341930297074791,0.0236326645106154
"PSMA6_CCDS61437.1_ex3_14:35780088-35780111:-_5-3","PSMA6",-4.58761753671848,-3.44529073503017,12.8176276194731,0.000343368834831892,0.0237135923453739
"RDX_CCDS58173.1_ex3_11:110134699-110134722:+_19-14","RDX",1.73947970468384,4.12707229993288,12.8143624163925,0.000343968606845374,0.0237365127555617
"PMPCA_CCDS35180.1_ex5_9:139310764-139310787:+_5-2","PMPCA",-1.49443720310836,2.75377155995927,12.8054576255799,0.000345609667190671,0.0238134115452142
"KANSL1_CCDS11503.1_ex13_17:44248635-44248658:-_5-3","KANSL1",-1.5708042810849,2.65942916660576,12.8053991554915,0.000345620468671934,0.0238134115452142
"SH3BGRL_CCDS14449.1_ex1_X:80532615-80532638:-_5-4","SH3BGRL",-2.29830068987708,1.31741744511901,12.8016765633095,0.000346308863636297,0.0238423023864473
"CDCP2_CCDS588.2_ex2_1:54610270-54610293:-_5-4","CDCP2",-2.81830336180873,1.05129962242595,12.7967473953522,0.000347222511047407,0.0238866442654243
"CTDP1_CCDS12017.1_ex3_18:77457887-77457910:+_5-4","CTDP1",-2.95167791931189,0.758474101388442,12.7781810495577,0.000350685758648868,0.0241061771379687
"PPP1R8_CCDS311.1_ex6_1:28176822-28176845:-_15-15","PPP1R8",-1.70138739055683,2.24727429584577,12.7694719837805,0.000352322274997948,0.0241921099551933
"SMC1A_CCDS14352.1_ex16_X:53436054-53436077:+_5-2","SMC1A",-1.61535077392969,3.09716667312999,12.7686245276153,0.000352481930706211,0.0241921099551933
"RPS4X_CCDS14418.1_ex4_X:71495434-71495457:-_5-3","RPS4X",-3.6608057768267,-0.308473194165736,12.7654502178809,0.000353080600594726,0.0242144424893934
"CDT1_CCDS32510.1_ex2_16:88871183-88871206:+_5-2","CDT1",-1.58057016583064,2.63125918607797,12.7522262868753,0.000355585668368503,0.0243673810761482
"RPS8_CCDS513.1_ex3_1:45243453-45243476:-_5-5","RPS8",-2.57549581372817,1.10545313728486,12.7502180655037,0.000355967659298407,0.0243688756316711
"DHX37_CCDS9261.1_ex18_12:125453426-125453449:+_5-3","DHX37",-2.0880492410686,1.55255592861366,12.7492206859802,0.000356157528192381,0.0243688756316711
"TSR2_CCDS14358.1_ex2_X:54469830-54469853:+_5-2","TSR2",-2.32672218329159,1.3722084578231,12.7408551696312,0.000357754079214987,0.024459226807811
"PRC1_CCDS32334.1_ex11_15:91525156-91525179:-_5-5","PRC1",-2.26556686356732,1.64436501787273,12.7253572322864,0.000360730944510076,0.0246437363679721
"SSSCA1_CCDS8104.1_ex1_11:65338180-65338203:+_5-1","SSSCA1",-1.52116036539476,2.49830805467494,12.7129350692801,0.000363135039579437,0.0247888623397347
"RRM2_CCDS1669.1_ex5_2:10267090-10267113:-_5-4","RRM2",-3.91137108478614,-0.598884506228074,12.7000447740644,0.000365646820670527,0.0249411102327427
"ZNHIT2_CCDS8094.1_ex0_11:64884917-64884940:+_5-4","ZNHIT2",-2.46419796656799,0.924145982250516,12.6924829133234,0.000367128459706651,0.0250229110005904
"MAD2L1_CCDS3715.1_ex1_4:120982079-120982102:+_5-1","MAD2L1",-3.39143985527261,-0.662578241470457,12.6880920519843,0.000367991563940352,0.02506246004189
"TIMM23_CCDS7238.1_ex5_10:51620322-51620345:-_5-5","TIMM23",-2.32410284139717,1.81540440021605,12.6829206558278,0.000369010721682593,0.0251125683605283
"NUP160_CCDS31484.1_ex33_11:47861926-47861949:+_5-4","NUP160",-2.29516508583207,1.62293750561408,12.6717029310032,0.000371231261951598,0.0252442956227807
"SUPT16H_CCDS9569.1_ex21_14:21838009-21838032:-_5-5","SUPT16H",-3.22063617835548,-0.14335722528048,12.666411896218,0.000372283291205852,0.0252964212427805
"PSMB4_CCDS996.1_ex1_1:151372484-151372507:+_5-2","PSMB4",-3.52913566623282,0.126789384395857,12.6578503776677,0.00037399197229752,0.0253930518753977
"GPS1_CCDS11800.1_ex5_17:80013076-80013099:+_5-5","GPS1",-1.53033460898223,3.20174673169998,12.6556535209743,0.000374431687944157,0.0254034411500612
"FAM32A_CCDS12341.1_ex1_19:16296521-16296544:-_5-3","FAM32A",-1.63312032612113,2.79801134485395,12.6466266777556,0.000376243951675861,0.0255068642556935
"GNL2_CCDS421.1_ex8_1:38047858-38047881:-_5-1","GNL2",-2.21222213541476,1.85691024544396,12.6386267431888,0.000377857443151619,0.0255966640733122
"CCDC94_CCDS12124.1_ex3_19:4254391-4254414:-_5-5","CCDC94",-1.79879192407021,1.90297988473455,12.6334984329842,0.000378895431506896,0.0256473709733384
"KCNJ3_CCDS2200.1_ex0_2:155555592-155555615:+_5-4","KCNJ3",-2.67350910228375,0.957288403542673,12.6201620805833,0.000381608242598738,0.0258112823997739
"RRM1_CCDS7750.1_ex9_11:4142959-4142982:-_5-5","RRM1",-3.53838775143005,-0.489203148147372,12.6116707563426,0.000383345703461586,0.0259090231891055
"GRPEL1_CCDS3396.1_ex0_4:7062809-7062832:-_5-1","GRPEL1",-2.66839157804058,1.09431800683811,12.6031293921173,0.000385101453906371,0.0260078501713627
"ECD_CCDS44433.1_ex8_10:74916031-74916054:-_5-4","ECD",-3.42552081073567,0.0141211957722086,12.5956311018726,0.000386649476741081,0.0260925084052705
"PMPCB_CCDS5730.1_ex2_7:102939878-102939901:+_5-2","PMPCB",-2.27358967776761,1.36115328900696,12.5931580139434,0.000387161421355953,0.0261071726793498
"SNF8_CCDS11541.1_ex5_17:47018288-47018311:-_5-4","SNF8",-1.88045258853284,2.95627186474142,12.5884115573403,0.000388145883730605,0.0261536533641323
"CDC23_CCDS4200.2_ex15_5:137548851-137548874:+_5-5","CDC23",-3.28374050592116,1.64137953325759,12.5809805304443,0.000389692226627773,0.0262378947056083
"CWC22_CCDS46465.1_ex15_2:180846541-180846564:-_5-3","CWC22",-1.45764452449115,3.01499293252355,12.571918155995,0.000391586454434274,0.0263454133497367
"KCNE3_CCDS8232.1_ex0_11:74168494-74168517:-_5-4","KCNE3",-2.56275240569135,1.54640552126826,12.5538246368425,0.000395396213718253,0.0265815454572986
"SMC4_CCDS3189.1_ex1_3:160119800-160119823:-_5-1","SMC4",-4.36058232188488,-2.07466361458824,12.5387525226182,0.000398598320925583,0.0267764994874391
"WDR43_CCDS46251.1_ex0_2:29117723-29117746:-_5-3","WDR43",-2.34269721980103,1.51984453636446,12.5318632881764,0.000400070654629514,0.0268013810549325
"EXOSC6_CCDS10887.1_ex0_16:70285484-70285507:-_5-1","EXOSC6",-1.53172982897559,3.37689592976281,12.5308672494028,0.000400283976669407,0.0268013810549325
"PRPF3_CCDS951.1_ex4_1:150305602-150305625:-_5-3","PRPF3",-1.78373655009905,2.46668756947455,12.5307763675393,0.000400303446587733,0.0268013810549325
"SRSF2_CCDS11749.1_ex1_17:74732936-74732959:+_5-1","SRSF2",-1.89136315596518,2.6041610586294,12.5305076316302,0.000400361024348273,0.0268013810549325
"POLD1_CCDS12795.1_ex2_19:50905092-50905115:-_5-1","POLD1",-2.38381736820217,1.38413144735487,12.5299473122665,0.000400481101920081,0.0268013810549325
"MRTO4_CCDS191.1_ex4_1:19583979-19584002:-_5-3","MRTO4",-2.11909017130678,1.45682534337709,12.5224969702151,0.00040208118282227,0.0268881549321888
"HIST1H2AC_CCDS4585.1_ex0_6:26124648-26124671:-_4-4","HIST1H2AC",-1.77272863069088,2.75357615468156,12.5081053090236,0.000405190308894668,0.0270756353770143
"NEDD8_CCDS9621.1_ex1_14:24687361-24687384:-_3-2","NEDD8",-2.26907708197359,1.90504402635356,12.4988560876078,0.000407201271053251,0.0271895070255798
"ATP6V0C_CCDS10470.1_ex1_16:2569266-2569289:-_5-3","ATP6V0C",-3.40479303406887,0.525116812539568,12.4953596079655,0.000407964094243077,0.027219929619354
"CDC16_CCDS9542.2_ex10_13:115012402-115012425:+_5-5","CDC16",-2.9020688701575,1.04903157368344,12.4873843170818,0.000409709453804557,0.0273158132910508
"NVL_CCDS1541.1_ex11_1:224482020-224482043:+_5-1","NVL",-2.02970584727159,1.72697250216327,12.479182180283,0.000411512315888849,0.027415383655374
"POLR2D_CCDS2151.1_ex2_2:128610488-128610511:+_5-3","POLR2D",-2.18551256128503,1.97437080128001,12.4627292408504,0.000415152903747643,0.0276371436434739
"DDX18_CCDS2120.1_ex3_2:118578846-118578869:+_5-3","DDX18",-3.22546782676354,0.704837786093106,12.4505509706891,0.000417868536091404,0.0277970416733596
"GBF1_CCDS7533.1_ex10_10:104120013-104120036:+_5-3","GBF1",-2.28140522109662,1.39140869483508,12.4447773380939,0.000419162253819255,0.0278621835423173
"COPS5_CCDS6198.1_ex5_8:67970416-67970439:-_5-2","COPS5",-2.52873786037776,1.41786753718137,12.4357166078071,0.000421200674885079,0.0279766919031989
"CYB561D1_CCDS44188.1_ex1_1:110037169-110037192:+_12-5","CYB561D1",-2.76622629985062,1.03974759829603,12.4250698088484,0.000423608703824942,0.0281155601581369
"CMPK1_CCDS44135.1_ex0_1:47799747-47799770:-_5-3","CMPK1",-1.95527890220767,2.90579885861562,12.4136258134898,0.000426212529659451,0.028267206139974
"HAUS6_CCDS6489.1_ex16_9:19102524-19102547:-_5-5","HAUS6",-2.62785957985314,1.46722004350076,12.4000462319976,0.000429323219451392,0.0284522162922289
"WDR75_CCDS2298.1_ex11_2:190329892-190329915:+_5-5","WDR75",-2.18283182826024,1.80472231373278,12.3975241482251,0.000429903473319825,0.0284693775463202
"RPS21_CCDS13497.1_ex2_20:60962904-60962927:+_5-3","RPS21",-3.28082566851734,-0.126491588186524,12.383274441028,0.000433196789432563,0.0286500066117954
"MED30_CCDS6323.1_ex0_8:118533274-118533297:+_5-3","MED30",-2.34609950930721,1.04151643464751,12.3816897210811,0.000433564610778764,0.0286500066117954
"KRT8_CCDS58234.1_ex4_12:53294400-53294423:+_5-2","KRT8",-2.07865008157419,2.41701918739353,12.3805195577996,0.000433836413706206,0.0286500066117954
"DTYMK_CCDS2552.1_ex2_2:242619642-242619665:-_5-2","DTYMK",-2.74238541140093,0.647807552963605,12.3798278919103,0.000433997153160752,0.0286500066117954
"WTAP_CCDS5266.1_ex3_6:160164745-160164768:+_5-3","WTAP",-1.94789016940524,1.8295954329342,12.3779853919363,0.000434425633606629,0.0286500066117954
"CD276_CCDS10251.1_ex1_15:73994623-73994646:-_8-1","CD276",-2.67654675514017,1.42132521233689,12.3773601948134,0.000434571122567919,0.0286500066117954
"PABPN1_CCDS9592.1_ex3_14:23792573-23792596:+_4-4","PABPN1",-2.73826088021634,1.03529808182094,12.3748801767108,0.000435148729422559,0.0286572672338111
"FAM168A_CCDS41689.1_ex3_11:73130966-73130989:-_5-2","FAM168A",-1.95248690631455,2.10220181840415,12.3730928251552,0.00043556549152314,0.0286572672338111
"EIF6_CCDS13249.1_ex4_20:33872011-33872034:+_5-2","EIF6",-2.14633958784918,2.14651336611034,12.3727240744921,0.000435651524320515,0.0286572672338111
"TRAPPC1_CCDS11125.1_ex1_17:7834401-7834424:-_5-2","TRAPPC1",-1.70470433952798,2.24444337518104,12.3659784519271,0.000437228367072142,0.0287396563002924
"YRDC_CCDS30675.1_ex4_1:38273572-38273595:-_5-5","YRDC",-2.69514338224585,1.28963558840347,12.3556181104062,0.000439661401246485,0.0288781602067057
"GTF3A_CCDS45019.1_ex4_13:28006855-28006878:+_5-5","GTF3A",-1.6427475295752,3.30007168682179,12.3353093907294,0.000444470433830639,0.029172405377776
"KRTAP4-7_CCDS45673.1_ex0_17:39240641-39240664:-_4-3","KRTAP4-7",-1.87852984929721,2.04588714410829,12.3305422386779,0.00044560694921397,0.0292253511044064
"RAD51_CCDS10062.1_ex3_15:41001280-41001303:-_5-4","RAD51",-2.95234038114479,0.344209263311501,12.3188269471776,0.000448412413452292,0.0293875963804392
"TFIP11_CCDS13838.1_ex10_22:26902869-26902892:+_5-4","TFIP11",-2.10524649589202,1.31774506604299,12.3094463121437,0.000450671641120613,0.0295138295884206
"MED14_CCDS14254.1_ex17_X:40551947-40551970:+_5-2","MED14",-2.75672379835152,1.11509247198483,12.2897966579455,0.000455441354690793,0.0298041629791229
"MCM3_CCDS4940.2_ex15_6:52148114-52148137:-_5-4","MCM3",-1.8557220096922,2.38832738483145,12.2847112069628,0.000456684062334654,0.0298634302783943
"POLE_CCDS9278.1_ex24_12:133237682-133237705:-_5-1","POLE",-2.22334662566546,1.56997037225285,12.2782024400264,0.000458279572612988,0.0299456635773941
"EIF3F_CCDS7785.1_ex3_11:8014422-8014445:+_5-5","EIF3F",-2.3599599481766,1.40263781257243,12.2739124114388,0.000459334272489319,0.0299924631895273
"EGR2_CCDS44409.1_ex0_10:64573762-64573785:+_5-2","EGR2",-3.32427467829634,0.00390833887507139,12.2616910542239,0.000462352330827095,0.0301672979567494
"RPL10A_CCDS4806.1_ex4_6:35438052-35438075:-_5-5","RPL10A",-1.93390025726968,2.30311458355679,12.2597599511278,0.000462831043303348,0.0301763115694897
"TICRR_CCDS10352.2_ex0_15:90118957-90118980:+_5-2","TICRR",-2.01133164713963,2.0348081226763,12.2452949580957,0.000466432797252053,0.0303887826715554
"SNRPD1_CCDS32801.1_ex2_18:19203823-19203846:+_5-3","SNRPD1",-3.46967787158014,-0.0852333761115947,12.2377088112713,0.000468333026098298,0.0304764689037804
"CPSF1_CCDS34966.1_ex29_8:145625601-145625624:-_5-2","CPSF1",-1.51439583865644,3.23235346803773,12.2371767638667,0.000468466589699895,0.0304764689037804
"EXOSC6_CCDS10887.1_ex0_16:70285602-70285625:+_5-3","EXOSC6",-2.50643526025735,1.49843423040926,12.2334572348643,0.000469401403570652,0.030483670989586
"ESPL1_CCDS8852.1_ex1_12:53663309-53663332:-_5-3","ESPL1",-3.31542495831648,1.14863469579397,12.2326481206676,0.000469605004066025,0.030483670989586
"TLX3_CCDS34288.1_ex0_5:170736494-170736517:+_5-1","TLX3",-1.8078722704719,2.41518272827894,12.2326306368719,0.000469609404563854,0.030483670989586
"DNM2_CCDS32907.1_ex5_19:10893737-10893760:-_5-2","DNM2",-1.86423660450001,2.76985460004929,12.2308454533552,0.000470058936651028,0.0304905140123726
"PKMYT1_CCDS10486.1_ex6_16:3026678-3026701:+_5-5","PKMYT1",-2.94455945573361,1.17125867330411,12.2289805892372,0.000470528997113306,0.0304986776285454
"RPL36_CCDS12147.1_ex1_19:5691405-5691428:-_5-5","RPL36",-3.66306444159683,-0.339535986445034,12.2230552537824,0.000472025696644682,0.0305733252024113
"TTC1_CCDS4348.1_ex2_5:159463730-159463753:-_5-4","TTC1",-2.71879251319146,0.857280017148265,12.2191137873921,0.000473023944343434,0.0306109697497758
"POLR3A_CCDS7354.1_ex27_10:79784796-79784819:-_5-3","POLR3A",-2.23268002964234,1.42284780748313,12.2180338028618,0.000473297841649469,0.0306109697497758
"SF3A1_CCDS13875.1_ex13_22:30742407-30742430:+_5-4","SF3A1",-3.51558683464215,-0.162695749396643,12.2125485127278,0.00047469145130545,0.0306623802062974
"RPA2_CCDS314.1_ex5_1:28233450-28233473:-_5-4","RPA2",-1.87043945385626,2.3004911369251,12.21097075033,0.00047509306882153,0.0306623802062974
"PCID2_CCDS58301.1_ex8_13:113849409-113849432:+_5-3","PCID2",-2.6007517122246,1.06521904437603,12.2100416409568,0.000475329732901201,0.0306623802062974
"KISS1_CCDS41454.1_ex0_1:204159880-204159903:+_5-3","KISS1",-1.94457540945266,2.10098458063906,12.2094639332599,0.000475476947424019,0.0306623802062974
"EIF3CL_CCDS42136.1_ex15_16:28411965-28411988:+_5-2","EIF3CL",-1.18075579313458,4.29421289365342,12.205727499282,0.000476430197076975,0.030701508394329
"CKAP5_CCDS31477.1_ex23_11:46800008-46800031:-_5-2","CKAP5",-2.01770694711826,1.85381824408765,12.1991322973709,0.0004781174929674,0.0307848275849217
"CEACAM8_CCDS12610.1_ex2_19:43093836-43093859:-_5-1","CEACAM8",-1.34429162027669,3.42168953360247,12.197960057798,0.000478418025691682,0.0307848275849217
"LSM2_CCDS4722.1_ex1_6:31765752-31765775:+_5-2","LSM2",-1.84455133599227,2.93629458029121,12.1857847843564,0.000481550755364604,0.0309639232437127
"RRP7A_CCDS14036.1_ex4_22:42912002-42912025:+_5-2","RRP7A",-2.05719006985106,1.87554036629147,12.1770272583432,0.00048381688366674,0.0310870767180385
"CENPM_CCDS14025.1_ex1_22:42339663-42339686:-_10-3","CENPM",-1.99278059683491,2.00635261593997,12.1717605078868,0.000485184906164981,0.0311354302431389
"COPB2_CCDS3108.1_ex14_3:139092556-139092579:-_5-2","COPB2",-2.24077569171341,1.12070936856743,12.1714249176002,0.00048527220691347,0.0311354302431389
"SPC24_CCDS45974.1_ex3_19:11259863-11259886:-_5-5","SPC24",-2.921222523195,0.830553540272796,12.1679964602008,0.000486164997618431,0.0311701416635157
"KANSL3_CCDS46361.1_ex17_2:97285408-97285431:-_5-2","KANSL3",-2.36101763733979,1.33343557756399,12.1541982527301,0.00048977492642027,0.0313788844037559
"RNGTT_CCDS5017.1_ex10_6:89614617-89614640:-_5-3","RNGTT",-3.86920515843709,-0.834059017638489,12.1238283085567,0.000497816000614135,0.0318710148485665
"NOL7_CCDS4528.1_ex0_6:13615846-13615869:-_5-2","NOL7",-1.73522445513729,2.81409914471385,12.1129310351099,0.000500733653103897,0.0320346614201616
"SRP54_CCDS53893.1_ex6_14:35482662-35482685:+_5-5","SRP54",-3.15796195721078,-0.422108456836867,12.1113507836339,0.000501158182576396,0.0320386882578385
"FARSA_CCDS12287.1_ex10_19:13041237-13041260:+_5-2","FARSA",-2.05403181464809,1.91440458487818,12.1076449693191,0.000502155163097445,0.0320792792944573
"QARS_CCDS2788.1_ex22_3:49141862-49141885:+_5-5","QARS",-2.04777456613193,2.0391270415308,12.1048050647571,0.00050292054135831,0.0321050270083533
"TPR_CCDS41446.1_ex39_1:186328980-186329003:+_5-2","TPR",-1.67425910924225,2.38422251929164,12.0993834292862,0.000504384989160709,0.0321659916983661
"UTP18_CCDS42362.1_ex5_17:49353237-49353260:-_5-4","UTP18",-1.59431363051591,2.35494038393641,12.0985828860421,0.000504601589742556,0.0321659916983661
"CLTC_CCDS32696.1_ex11_17:57743920-57743943:-_5-4","CLTC",-1.98665210710517,1.8063906764028,12.0768310328427,0.000510522993716616,0.0325200577866675
"INCENP_CCDS31582.1_ex2_11:61897249-61897272:-_5-1","INCENP",-2.29382006060906,1.66197961803288,12.0617842723965,0.0005146600959382,0.0327600376872846
"MCM6_CCDS2179.1_ex8_2:136617004-136617027:-_5-1","MCM6",-2.50939104938914,1.11884478713218,12.0554661133398,0.000516407344720019,0.0328476591430452
"ERCC3_CCDS2144.1_ex8_2:128046400-128046423:-_5-2","ERCC3",-2.00082137524269,1.81054241445911,12.0532877291313,0.000517011150822539,0.0328624749137603
"ATP6V1A_CCDS2976.1_ex3_3:113503539-113503562:+_5-4","ATP6V1A",-3.19675265403564,-0.174916889017223,12.0468869921697,0.000518789438195229,0.0329518687890512
"RIOK2_CCDS4089.1_ex7_5:96513525-96513548:+_5-4","RIOK2",-1.71715351034621,2.57286279751452,12.0398938789365,0.000520739361370628,0.0330520285484283
"PKMYT1_CCDS10486.1_ex5_16:3025770-3025793:+_5-4","PKMYT1",-2.47761676526575,1.51575503277801,12.0379029911077,0.000521295841836751,0.0330636645395756
"URI1_CCDS12420.1_ex2_19:30476156-30476179:-_5-1","URI1",-1.99130472496113,1.97178628779842,12.0222932230587,0.000525679842661227,0.0333178742051793
"PRPF19_CCDS7995.1_ex9_11:60668969-60668992:-_5-2","PRPF19",-3.03772806119151,0.794131057612987,12.0114512578613,0.000528746691228159,0.0334882983009023
"PRPF6_CCDS13550.1_ex6_20:62630418-62630441:+_5-3","PRPF6",-1.90477419019804,1.90181943257073,12.0059695463755,0.000530304161924314,0.0335629504081898
"DYNC1I2_CCDS46450.1_ex8_2:172582750-172582773:+_5-4","DYNC1I2",-2.78834515088956,0.54169737806514,12.0044358185961,0.000530740755131452,0.0335666062449518
"KCMF1_CCDS46350.1_ex4_2:85273273-85273296:-_5-3","KCMF1",-2.31009897264001,1.39376152975523,12.0017646279667,0.000531502006653798,0.033590775179434
"ORC1_CCDS566.1_ex11_1:52859171-52859194:-_5-2","ORC1",-1.4976582501621,2.61608664265406,11.9943920420279,0.000533608813629926,0.0336998877694178
"TOP1_CCDS13312.1_ex11_20:39728808-39728831:-_5-5","TOP1",-1.80002919501119,2.59740842879381,11.99141729556,0.000534461269136141,0.0337296832001972
"ALG11_CCDS31977.1_ex2_13:52598170-52598193:-_5-2","ALG11",-2.19503702297527,1.86167798145079,11.9668550038713,0.000541552687015231,0.034152894936421
"POLA2_CCDS8098.1_ex5_11:65046327-65046350:+_5-3","POLA2",-2.218538912114,1.61472875321406,11.9542536915128,0.000545227622041124,0.0343601982066684
"NUP85_CCDS32730.1_ex7_17:73221277-73221300:+_5-3","NUP85",-2.71385556572178,0.857786890500116,11.9460433599343,0.000547635545578964,0.0344874165967091
"EXOSC6_CCDS10887.1_ex0_16:70285587-70285610:+_5-2","EXOSC6",-2.00935998071201,2.26568682050489,11.9318210931704,0.000551832082394365,0.0347114209849205
"RFC5_CCDS41843.2_ex5_12:118462724-118462747:-_5-5","RFC5",-2.67571310432798,1.05289435779521,11.9309048946101,0.000552103533797616,0.0347114209849205
"RNF20_CCDS35084.1_ex3_9:104303171-104303194:-_5-2","RNF20",-1.74078286538599,2.8974355835382,11.9300132965804,0.000552367825979482,0.0347114209849205
"MYBBP1A_CCDS11046.1_ex24_17:4458202-4458225:-_5-4","MYBBP1A",-1.29935450453312,2.85872163697636,11.9280058826095,0.000552963341817635,0.0347242167718592
"NOP14_CCDS33945.1_ex12_4:2954089-2954112:-_5-3","NOP14",-1.51344696720229,2.88586273860711,11.9255331688445,0.000553697783701125,0.0347457123389673
"KIF23_CCDS32278.1_ex11_15:69728064-69728087:+_5-5","KIF23",-3.38751697636364,-0.13384505612112,11.9192197868774,0.000555577445746327,0.0348389916191076
"PMF1_CCDS30886.1_ex2_1:156203453-156203476:+_5-3","PMF1",-2.15932608227795,1.90993113717026,11.8971839419152,0.000562188734298172,0.0352286386076548
"FARSA_CCDS12287.1_ex6_19:13039252-13039275:+_5-1","FARSA",-2.41182881776235,1.589914504289,11.8845834829554,0.000566004815678331,0.0354427015533528
"TRAPPC8_CCDS11901.1_ex26_18:29497570-29497593:-_5-4","TRAPPC8",-1.60565239860143,2.59839465183782,11.8819303096405,0.000566811663317822,0.0354567297373703
"SRP68_CCDS11738.1_ex5_17:74042157-74042180:-_5-3","SRP68",-1.9975698310975,2.36698647110614,11.8812157527594,0.000567029163237859,0.0354567297373703
"IPO13_CCDS503.1_ex6_1:44423104-44423127:-_5-5","IPO13",-1.94700325422052,2.1772526597929,11.8735816017055,0.000569358145113418,0.0355772551522704
"NSF_CCDS42354.1_ex10_17:44771222-44771245:+_5-4","NSF",-3.17459540198618,-0.354839625275794,11.8707070372173,0.000570237601282274,0.0356070985900051
"INTS3_CCDS1052.1_ex6_1:153723615-153723638:+_5-2","INTS3",-1.57840887055545,3.22034892080618,11.8639009099071,0.000572325368311872,0.0356765465428932
"RBM39_CCDS13265.1_ex7_20:34304678-34304701:-_5-2","RBM39",-2.72597622433356,0.549281194102047,11.8631631815503,0.000572552128229432,0.0356765465428932
"RPL18_CCDS12726.1_ex2_19:49119345-49119368:+_5-1","RPL18",-2.43001297396547,1.54269681504376,11.8630954290044,0.000572572958276692,0.0356765465428932
"DDX56_CCDS5492.1_ex12_7:44613205-44613228:+_5-5","DDX56",-3.1995505113094,-1.05383046453816,11.8618358031899,0.000572960360816841,0.0356765465428932
"PRPF4_CCDS59142.1_ex4_9:116045434-116045457:+_5-2","PRPF4",-2.54066468912995,0.373599819863801,11.8554457834839,0.000574929715301251,0.0357740325519541
"CARS_CCDS41600.1_ex19_11:3062134-3062157:-_5-5","CARS",-2.78686475065701,0.255642979366058,11.8531430551699,0.000575641072308829,0.0357931598968394
"RPL7A_CCDS6965.1_ex2_9:136216538-136216561:+_5-4","RPL7A",-2.23602917942877,1.31394866323984,11.8466400237746,0.000577654785908843,0.0358931837028324
"PPP1R11_CCDS4671.1_ex1_6:30036419-30036442:+_5-2","PPP1R11",-2.55504640062931,0.657515647601813,11.832248585569,0.000582136529991726,0.036146313508372
"ATP2A2_CCDS9143.1_ex7_12:110765562-110765585:+_5-4","ATP2A2",-1.9991810147053,2.03251671334321,11.82780903347,0.000583526157208142,0.0362072259702974
"SMC3_CCDS31285.1_ex12_10:112343937-112343960:+_5-3","SMC3",-1.7360349483082,2.39012554369819,11.8218409370333,0.000585399514472443,0.0362980471513963
"RACGAP1_CCDS8795.1_ex7_12:50390902-50390925:-_5-2","RACGAP1",-1.90743957960852,2.48132730746791,11.8203039784817,0.00058588294105236,0.0363026180943254
"CRCP_CCDS47599.1_ex3_7:65610437-65610460:+_14-9","CRCP",-2.16453546800944,2.14749756108978,11.8144357438198,0.000587732414279199,0.0363917668061654
"EPRS_CCDS31027.1_ex18_1:220180636-220180659:+_5-1","EPRS",-2.75151252334271,0.710085318841784,11.8117775212636,0.0005885721369305,0.0363936063558111
"MATN2_CCDS55264.1_ex1_8:98943521-98943544:-_5-3","MATN2",1.79045863570501,3.77504454668783,11.8110997491563,0.000588786436377396,0.0363936063558111
"KRTAP21-1_CCDS13606.1_ex0_21:32127573-32127596:-_3-2","KRTAP21-1",-1.52865072290154,2.74744723074143,11.810442478157,0.000588994328987125,0.0363936063558111
"NUFIP1_CCDS9393.1_ex5_13:45553341-45553364:-_5-1","NUFIP1",-1.87407493028936,1.70775869305632,11.8046461062759,0.000590830913977293,0.0364752974061001
"RPS18_CCDS4771.1_ex3_6:33243737-33243760:-_5-3","RPS18",-3.60398545593886,-0.447317030546573,11.8036732458943,0.000591139731791974,0.0364752974061001
"CPSF2_CCDS9902.1_ex1_14:92600417-92600440:-_5-1","CPSF2",-2.09687553104422,1.70428355056972,11.8010355253375,0.000591977851147292,0.0365015932350431
"PPP1R8_CCDS311.1_ex3_1:28167534-28167557:+_15-3","PPP1R8",-1.86384073665727,2.20400515834788,11.7850754823216,0.000597074712967147,0.0367902656586697
"VMP1_CCDS11619.1_ex5_17:57851109-57851132:-_5-5","VMP1",-2.00687428048368,1.54400889485031,11.7813050399315,0.000598285265810069,0.0368392385422981
"CDC5L_CCDS4912.1_ex2_6:44360480-44360503:+_5-1","CDC5L",-2.42619142601776,1.55660071251229,11.7719220735176,0.000601308566536906,0.0369683369423694
"IPO13_CCDS503.1_ex5_1:44422929-44422952:-_5-4","IPO13",-2.36778589937155,1.46266779472301,11.7713852654069,0.000601481998157559,0.0369683369423694
"PCBP1_CCDS1898.1_ex0_2:70315314-70315337:-_5-4","PCBP1",-2.49917297989785,2.08605507778788,11.7709163239346,0.000601633544803926,0.0369683369423694
"PNISR_CCDS5043.1_ex5_6:99856101-99856124:+_5-2","PNISR",-2.3039016527902,1.41744716140709,11.7657527227239,0.000603304804841544,0.0370453399430283
"TOMM40_CCDS12646.1_ex0_19:45394904-45394927:-_5-2","TOMM40",-1.70716121763812,2.4981664553416,11.7580208003858,0.000605816102060534,0.037173782229346
"KAT8_CCDS10706.1_ex4_16:31138538-31138561:-_5-4","KAT8",-2.40921074248209,1.55214160313491,11.7461863129059,0.000609680355551946,0.0373850087086752
"QARS_CCDS2788.1_ex21_3:49141372-49141395:-_5-3","QARS",-2.53398212568652,0.900040278847265,11.7414499677492,0.000611233855218571,0.0374543478392093
"RPS16_CCDS12535.1_ex3_19:39926261-39926284:+_5-4","RPS16",-2.50397201249429,1.0865487203079,11.7354388284685,0.000613211238982443,0.0375488080980625
"MYC_CCDS6359.2_ex1_8:128750721-128750744:-_5-2","MYC",-2.85042288475338,0.614143705677783,11.7341897452219,0.000613622938920552,0.0375488080980625
"BANP_CCDS10966.2_ex2_16:88017827-88017850:-_5-1","BANP",-1.55339289761586,2.9876322647702,11.7315025144346,0.000614509601169573,0.0375771136792486
"NPLOC4_CCDS45812.1_ex13_17:79580377-79580400:-_5-4","NPLOC4",-2.07442404442578,1.58813503068735,11.7201469072094,0.000618270736335833,0.0377776489339608
"THOC3_CCDS4397.1_ex5_5:175395057-175395080:+_5-4","THOC3",-1.24874897628783,3.44249404058425,11.7190306043658,0.000618641724072603,0.0377776489339608
"SNAPC1_CCDS9755.1_ex0_14:62229287-62229310:+_5-1","SNAPC1",-2.11672666676631,1.99589110355076,11.7008921505325,0.000624701388421962,0.0381214126876834
"DUT_CCDS32231.1_ex3_15:48628244-48628267:-_7-6","DUT",-2.61901164422373,1.27112067140288,11.6863917646325,0.000629588742197842,0.0383932141026717
"POLR2K_CCDS6285.1_ex1_8:101164086-101164109:-_2-2","POLR2K",-2.08980760770961,1.87489716964265,11.682426051159,0.00063093209768452,0.038448672247204
"EIF4A1_CCDS11113.1_ex4_17:7479952-7479975:+_5-5","EIF4A1",-2.14816288219637,2.18080290052991,11.6774773095767,0.000632612507343377,0.0385245799489122
"SF3B2_CCDS31612.1_ex1_11:65820132-65820155:+_5-2","SF3B2",-2.66086376108687,1.68953405864487,11.6682734049364,0.000635749843334186,0.0386890457544429
"HLA-B_CCDS34394.1_ex5_6:31324574-31324597:+_5-4","HLA-B",-1.24095618156945,3.69963342026736,11.6625878916903,0.000637695711657135,0.0387808278840715
"GBF1_CCDS7533.1_ex9_10:104119137-104119160:+_5-2","GBF1",-1.92553288985687,1.69338125623641,11.6568912109405,0.000639651435021539,0.0388730830257328
"RANGAP1_CCDS14012.1_ex10_22:41657551-41657574:-_5-4","RANGAP1",-1.94696509150672,2.29862647880911,11.6528872116602,0.000641029669253524,0.0389002429713399
"PSMB3_CCDS11328.1_ex2_17:36912162-36912185:-_5-3","PSMB3",-4.20841668759822,-1.72575011768729,11.6525954203825,0.000641130225184888,0.0389002429713399
"RAD51_CCDS10062.1_ex3_15:41001252-41001275:+_5-3","RAD51",-2.69299545344689,0.316963378917958,11.6514641627101,0.000641520225265268,0.0389002429713399
"SF3B4_CCDS941.1_ex4_1:149899096-149899119:+_5-5","SF3B4",-2.01976481103547,2.13877540505519,11.6504952485442,0.000641854448052039,0.0389002429713399
"SPDL1_CCDS4370.1_ex3_5:169021225-169021248:+_5-3","SPDL1",-3.17390249868922,-0.237882268874431,11.639405295747,0.000645692428747368,0.0391060993449004
"CARS_CCDS41600.1_ex14_11:3050268-3050291:+_5-1","CARS",-3.09552718855195,0.34054643139519,11.6373641446006,0.000646401346362584,0.0391222935080622
"DDX54_CCDS31907.1_ex13_12:113614714-113614737:-_5-3","DDX54",-1.68285278126301,2.55887627245614,11.6233224719507,0.00065129954899284,0.0393918415276857
"USP36_CCDS32755.1_ex14_17:76823357-76823380:+_5-3","USP36",-1.43101255267652,3.00896578440694,11.616918622189,0.000653545855364049,0.0394621711407533
"PRR13_CCDS31811.1_ex1_12:53837431-53837454:+_6-5","PRR13",-1.24966639701114,3.67525536616225,11.6163356164275,0.000653750747062054,0.0394621711407533
"POLR2B_CCDS3511.1_ex2_4:57857003-57857026:+_5-1","POLR2B",-2.75454911847627,0.609681898583551,11.6145987413454,0.000654361539533701,0.0394621711407533
"DDX51_CCDS41865.1_ex9_12:132626428-132626451:+_5-2","DDX51",-2.08332232428891,1.94237780182403,11.6136881065649,0.000654682005202634,0.0394621711407533
"PHB2_CCDS53741.1_ex8_12:7079402-7079425:+_5-5","PHB2",-3.58190180597519,-0.546590373127731,11.613576042369,0.000654721453180966,0.0394621711407533
"CLNS1A_CCDS8252.1_ex4_11:77340917-77340940:-_5-4","CLNS1A",-2.12725903951008,1.74650036528489,11.6124028644065,0.000655134570435953,0.0394621711407533
"EIF5A_CCDS11099.1_ex0_17:7213109-7213132:-_5-3","EIF5A",-2.23311031251425,1.73802659039479,11.6100333762901,0.000655969753656479,0.0394856358644606
"PTPN23_CCDS2754.1_ex7_3:47448074-47448097:+_5-2","PTPN23",-1.47677635211672,3.32297066332977,11.6018837817358,0.000658850493474434,0.0396321159706692
"NOP2_CCDS44811.1_ex13_12:6675941-6675964:-_5-5","NOP2",-2.28040170224979,1.55547609909871,11.5913088879008,0.000662607591425789,0.0398310775073768
"NUP85_CCDS32730.1_ex3_17:73208140-73208163:+_5-1","NUP85",-1.82719345432571,1.70443021063048,11.585561701694,0.000664658547511025,0.0399272781428894
"GINS1_CCDS33451.1_ex3_20:25398762-25398785:+_5-4","GINS1",-3.7103905167439,-0.888993522403519,11.5737719868623,0.000668885947862656,0.0401448928425259
"LSM4_CCDS12374.1_ex2_19:18423469-18423492:-_6-6","LSM4",-3.15518465849994,0.0922334297350033,11.5729345272156,0.00066918726416282,0.0401448928425259
"GTPBP4_CCDS31132.1_ex5_10:1044970-1044993:-_5-5","GTPBP4",-2.58592667557246,1.03843476975612,11.5645644838464,0.00067220633225192,0.0402987241376953
"KIF11_CCDS7422.1_ex7_10:94373271-94373294:-_5-4","KIF11",-4.54596287707452,-3.62843820706513,11.5540691513066,0.000676011440598401,0.0404994386109952
"NACA_CCDS31837.1_ex2_12:57106937-57106960:+_10-1","NACA",-1.31650077528285,3.31783397374434,11.5467129746553,0.00067869140245539,0.0406325205445691
"GIP_CCDS11542.1_ex2_17:47039140-47039163:+_5-2","GIP",-1.44502101228435,3.19846497504185,11.5437631712505,0.00067976907084779,0.040669559953774
"U2SURP_CCDS46928.1_ex14_3:142747203-142747226:-_5-3","U2SURP",-2.96671752685234,-0.169007169951733,11.5397834281428,0.000681225752644619,0.0407292098777524
"EPRS_CCDS31027.1_ex20_1:220191823-220191846:+_5-2","EPRS",-2.49659542481751,1.04262418341514,11.5047405248021,0.000694189200387583,0.0414485038285213
"POLR1B_CCDS2097.1_ex9_2:113321967-113321990:-_5-5","POLR1B",-1.39974262418984,3.10368631289394,11.5047329278671,0.000694192037576752,0.0414485038285213
"POLR3H_CCDS14018.1_ex4_22:41936701-41936724:-_5-2","POLR3H",-2.2926072972983,1.13084710624217,11.4916079984647,0.000699111273039945,0.0417141100733854
"PRPF31_CCDS12879.1_ex2_19:54625281-54625304:+_5-1","PRPF31",-1.54330062739291,2.82267686345608,11.4787695368339,0.000703957210715543,0.0419749882992338
"GTF2A2_CCDS10173.1_ex2_15:59942885-59942908:-_5-2","GTF2A2",-1.73141348346036,3.49756511520561,11.4717839879172,0.000706608179389555,0.0421047238352326
"NIP7_CCDS10877.1_ex2_16:69374120-69374143:+_5-3","NIP7",-1.89210867904552,1.98361122822396,11.4695165447526,0.000707470825020399,0.0421277956463424
"HAUS1_CCDS11928.1_ex2_18:43698189-43698212:-_5-3","HAUS1",-2.03630212180694,2.02853937668481,11.4655300370419,0.000708990066823136,0.0421899085701349
"SRP19_CCDS4108.1_ex1_5:112198258-112198281:+_6-2","SRP19",-3.55272655427595,-1.00691698733711,11.4607748196649,0.00071080657186232,0.0422440614682271
"GAB4_CCDS42976.1_ex7_22:17468927-17468950:+_5-3","GAB4",-2.00343183695653,2.08831481454328,11.4606518270149,0.000710853617690977,0.0422440614682271
"RAE1_CCDS13458.1_ex2_20:55931544-55931567:+_5-4","RAE1",-2.15985757213163,1.51514838677675,11.4584712290048,0.000711688239126227,0.0422653137506826
"HIST1H3G_CCDS4602.1_ex0_6:26271475-26271498:+_5-4","HIST1H3G",-2.09065331336712,1.55095020198054,11.4530240378879,0.000713777473338434,0.0423609958490458
"PAM16_CCDS10512.1_ex2_16:4391403-4391426:+_5-2","PAM16",-2.15322212501221,2.3250442245013,11.4431852509711,0.000717566790984535,0.0425573782342542
"POM121C_CCDS47617.1_ex4_7:75053871-75053894:-_5-3","POM121C",-1.36782703880906,4.28403312182069,11.4378046885288,0.000719647654393821,0.0426522408463003
"MCM5_CCDS13915.1_ex1_22:35799206-35799229:+_5-2","MCM5",-2.39109653846065,1.28932796311353,11.4358183858513,0.000720417371187909,0.0426693192456389
"GINS2_CCDS10953.1_ex3_16:85721143-85721166:-_5-5","GINS2",-2.42347117167138,0.978549614707446,11.4316436142582,0.000722037858945199,0.042736731148763
"NOC2L_CCDS3.1_ex12_1:889382-889405:-_5-3","NOC2L",-1.94315265006942,1.92083905020843,11.4301438768818,0.000722620898689785,0.0427426884841836
"LIMS3_CCDS2084.1_ex0_2:110656414-110656437:+_5-2","LIMS3",-1.2079223329488,4.34038742909679,11.4276465534839,0.000723592816850583,0.0427716245029104
"PSMC3_CCDS7935.1_ex8_11:47446156-47446179:-_5-3","PSMC3",-2.13492383198387,1.32129850906077,11.4255162728798,0.000724422931574466,0.0427920795035214
"NOP58_CCDS2353.1_ex4_2:203149150-203149173:-_5-3","NOP58",-2.0581876511883,1.36714031486323,11.4242809074069,0.000724904761921152,0.0427920795035214
"GPN3_CCDS53830.1_ex5_12:110897646-110897669:-_5-4","GPN3",-2.05523127800324,1.81055790194856,11.422263101466,0.000725692464426552,0.0428100575918636
"RBM17_CCDS7077.1_ex2_10:6146936-6146959:-_5-2","RBM17",-2.12276788873969,1.47495864349516,11.4208985375063,0.000726225647190617,0.0428130071157497
"POLD3_CCDS8233.1_ex1_11:74305114-74305137:+_5-1","POLD3",-3.17636413253044,-0.574635063493134,11.4195407042778,0.000726756592879179,0.0428158209233062
"INTS4_CCDS31644.1_ex16_11:77669807-77669830:+_5-1","INTS4",-2.69576102082069,0.326736661430074,11.3921731240928,0.000737541991637203,0.0434223559541568
"NOP16_CCDS43403.1_ex3_5:175815301-175815324:-_5-4","NOP16",-2.53624837854828,0.600498641225565,11.3874252277845,0.000739429504475625,0.0435045754804563
"PSMA7_CCDS13489.1_ex3_20:60714232-60714255:-_5-3","PSMA7",-2.73056375689718,0.77378831360861,11.3776741788404,0.000743321325654073,0.0437045317723323
"RBM25_CCDS32113.1_ex8_14:73570169-73570192:+_5-5","RBM25",-2.95439298297782,0.271277955517692,11.3743140572778,0.000744667200577717,0.0437546299564915
"ZNF486_CCDS46029.1_ex2_19:20296884-20296907:-_4-3","ZNF486",-2.15167173083656,1.96167313280384,11.3718354609734,0.000745661564010391,0.0437840215644166
"TOMM22_CCDS13975.1_ex1_22:39078359-39078382:-_5-2","TOMM22",-1.76628954708269,2.61595450816571,11.3682034026264,0.000747121097287765,0.0438406701630991
"TBCD_CCDS45818.1_ex13_17:80828198-80828221:-_5-3","TBCD",-1.88938670537721,2.37347933418791,11.3641813432203,0.000748740719854975,0.0439066315178491
"SMG1_CCDS45430.1_ex32_16:18864906-18864929:+_5-2","SMG1",-1.95220591010727,2.39437023702058,11.3586911503637,0.000750957265492315,0.0439967528505257
"CDC20_CCDS484.1_ex1_1:43825172-43825195:-_5-2","CDC20",-2.19818338957027,1.32921134021697,11.3579162495085,0.00075127064829521,0.0439967528505257
"DBR1_CCDS33863.1_ex7_3:137893457-137893480:+_5-5","DBR1",-1.78035893220827,2.56326884921881,11.3543127190876,0.000752729712892026,0.0440530838444589
"GPS1_CCDS11800.1_ex2_17:80011849-80011872:-_5-2","GPS1",-2.18856703711326,1.13689562359571,11.3457320018096,0.000756215570632167,0.0442278791098573
"CSE1L_CCDS13412.1_ex2_20:47682748-47682771:+_5-1","CSE1L",-1.96205896016156,1.71077704416411,11.3416466483557,0.000757880944677159,0.0442960415462166
"EIF2S3_CCDS14210.1_ex2_X:24075567-24075590:-_5-2","EIF2S3",-3.04209797703513,0.302670673132044,11.3260693617183,0.000764265024602595,0.0446397276004862
"CPSF3L_CCDS21.1_ex8_1:1249245-1249268:-_5-1","CPSF3L",-2.73860209551926,0.691911177926924,11.3170166265372,0.000768000068344886,0.0448283360051166
"INTS3_CCDS1052.1_ex3_1:153719529-153719552:+_5-1","INTS3",-2.98859142703706,0.80993496497281,11.3141433862148,0.000769189382739431,0.044868199109289
"GGTLC1_CCDS13163.1_ex4_20:23967141-23967164:-_5-5","GGTLC1",-1.7432815220809,2.26709718586016,11.3116069731728,0.000770240821415822,0.0448999725147173
"SARS_CCDS795.1_ex5_1:109774293-109774316:-_5-5","SARS",-2.25177969852971,1.58606722876048,11.3082697394891,0.00077162644324415,0.0449511720118942
"MFAP1_CCDS10105.1_ex7_15:44109593-44109616:-_5-5","MFAP1",-3.03652496840629,0.279580416578735,11.3055968461753,0.000772738046847942,0.0449760617784909
"USP5_CCDS31733.1_ex2_12:6964966-6964989:-_5-2","USP5",-1.24723749784038,3.68613565661248,11.3048020708389,0.000773068890240408,0.0449760617784909
"DDX47_CCDS8655.1_ex2_12:12974300-12974323:-_5-5","DDX47",-2.9656277541437,0.419079961861249,11.3029256987849,0.0007738505409504,0.0449919954274614
"RBM42_CCDS12468.1_ex1_19:36120533-36120556:-_5-2","RBM42",-1.50893321951639,2.43408578380137,11.2910722340785,0.000778806896332651,0.0452504681025908
"SNAPC4_CCDS6998.1_ex11_9:139282250-139282273:+_5-3","SNAPC4",-2.5730294509475,0.897781912302969,11.2891538121518,0.000779612067431201,0.0452675667410282
"SPDL1_CCDS4370.1_ex3_5:169021207-169021230:+_5-2","SPDL1",-2.30332534293645,1.20648698769351,11.2545540123014,0.000794279040809988,0.0460889906286901
"SNRPG_CCDS1903.1_ex1_2:70515282-70515305:-_3-3","SNRPG",-3.30063151292211,-0.276985151656503,11.2306987678166,0.000804553473237128,0.0466546237235923
"EXOSC4_CCDS6414.1_ex0_8:145133780-145133803:+_5-2","EXOSC4",-1.3239129434394,3.15623780489579,11.2217244546603,0.000808453380087021,0.0468074390352033
"HMGCS1_CCDS34154.1_ex8_5:43298958-43298981:-_5-5","HMGCS1",-3.3176682558201,-0.229978578800081,11.221251379772,0.000808659490341201,0.0468074390352033
"VPS25_CCDS11438.1_ex1_17:40925868-40925891:-_5-1","VPS25",-2.86835104983493,0.484085920600288,11.2209896367497,0.000808773549905155,0.0468074390352033
"DDOST_CCDS212.1_ex10_1:20987747-20987770:+_5-5","DDOST",-1.72095016409684,2.35677638387041,11.2110687562585,0.000813108773075254,0.0470276213753955
"WDR74_CCDS44630.1_ex5_11:62602989-62603012:-_5-2","WDR74",-2.10606083188764,1.39172628236066,11.2016083657937,0.000817264645861776,0.0472371501704035
"SF3A3_CCDS428.1_ex10_1:38447440-38447463:+_5-3","SF3A3",-3.88307880000972,-1.33664818128125,11.1956988756835,0.000819871523363065,0.0473569336369672
"POTEJ_CCDS59432.1_ex0_2:131369359-131369382:+_4-2","POTEJ",-1.41289976534824,3.71017456576491,11.1874704109304,0.00082351538374625,0.0475185638624304
"CCNA2_CCDS3723.1_ex4_4:122741839-122741862:-_5-1","CCNA2",-2.0658439765641,2.01349729369826,11.1869591145838,0.000823742343551149,0.0475185638624304
"EIF2S3_CCDS14210.1_ex6_X:24082309-24082332:+_5-5","EIF2S3",-2.52759936510942,0.599175908357027,11.1799698214787,0.000826851173381953,0.0476668673185955
"RAD51C_CCDS11611.1_ex0_17:56770130-56770153:-_6-2","RAD51C",-1.77644622179113,1.912051606832,11.1761897800762,0.000828537469768925,0.0477324782012764
"NEDD1_CCDS44955.1_ex6_12:97330450-97330473:-_5-4","NEDD1",-3.37384146790869,-0.536556749307358,11.175005049885,0.000829066699227642,0.0477324782012764
"SNRNP35_CCDS45005.1_ex1_12:123950368-123950391:+_5-3","SNRNP35",-3.00112885965069,-0.0738516323172787,11.1730038409518,0.000829961433071031,0.0477529628173323
"EIF2B2_CCDS9836.1_ex3_14:75471509-75471532:+_5-5","EIF2B2",-2.30376050386365,0.876762605149944,11.170175142152,0.000831227799812048,0.0477947893771229
"RPN1_CCDS3051.1_ex7_3:128356682-128356705:+_5-4","RPN1",-1.18422862248,3.23782550694207,11.1673167280443,0.000832509453484718,0.0478374401008216
"CCT3_CCDS1140.2_ex5_1:156287310-156287333:-_5-1","CCT3",-3.03204027084756,-0.195785033121753,11.1627371072071,0.000834567025408426,0.0479245922575107
"SNAPC5_CCDS10217.1_ex2_15:66789978-66790001:-_4-4","SNAPC5",-1.84640607099069,2.2508374016691,11.1593125237651,0.000836109010235844,0.0479438609894693
"UBE2V1_CCDS13426.1_ex1_20:48700723-48700746:+_14-5","UBE2V1",-2.38306833933482,1.42852523781552,11.1578100029197,0.000836786457809494,0.0479438609894693
"CENPN_CCDS10931.1_ex0_16:81045693-81045716:+_5-2","CENPN",-2.24733223049625,1.92364723447489,11.1566566706263,0.000837306841685903,0.0479438609894693
"SPINT1_CCDS10067.1_ex0_15:41137068-41137091:-_5-3","SPINT1",-1.39706609626043,3.43179418173858,11.155725338089,0.000837727297904106,0.0479438609894693
"NCAPG_CCDS3424.1_ex3_4:17816563-17816586:+_5-4","NCAPG",-2.68042607922715,1.15729490786986,11.1555364341082,0.000837812605880469,0.0479438609894693
"PTMS_CCDS8560.1_ex2_12:6879132-6879155:+_5-5","PTMS",-4.24627594021148,-2.08038609622278,11.1547914610367,0.000838149117133015,0.0479438609894693
"TBL3_CCDS10453.1_ex4_16:2024615-2024638:+_5-2","TBL3",-1.44490811569372,3.23060303618585,11.1333785268652,0.000847880156446428,0.0484595622136395
"SNAPC2_CCDS12190.1_ex3_19:7986926-7986949:-_5-4","SNAPC2",-1.4916513302114,3.13983647726399,11.1325513026215,0.000848258368432779,0.0484595622136395
"NCBP2_CCDS3323.1_ex1_3:196664414-196664437:-_7-1","NCBP2",-3.41971410183576,-0.23377550008279,11.1287317100851,0.000850006922197356,0.0485281658171514
"ATP6V1A_CCDS2976.1_ex2_3:113503084-113503107:+_5-2","ATP6V1A",-2.70874688897911,1.42813161902535,11.1258472296257,0.000851329809389196,0.0485723947783253
"SLBP_CCDS3350.1_ex2_4:1698060-1698083:-_5-1","SLBP",-2.18381409591677,1.51364836244599,11.1124745820522,0.000857490044948346,0.0488583612879803
"COPZ1_CCDS61137.1_ex5_12:54741605-54741628:+_6-6","COPZ1",-3.39538432786903,-0.584452060704009,11.1122470857819,0.000857595232097286,0.0488583612879803
"FBXL6_CCDS47942.1_ex8_8:145581765-145581788:+_5-5","FBXL6",-1.33803769780672,2.98975095843105,11.1105003968814,0.000858403280942533,0.0488583612879803
"IPO13_CCDS503.1_ex1_1:44415251-44415274:+_5-1","IPO13",-2.05903959359092,1.53797776942318,11.1101886127893,0.000858547598643268,0.0488583612879803
"UTP20_CCDS9081.1_ex13_12:101693775-101693798:-_5-2","UTP20",-2.11448109051728,1.4858676036991,11.0990531817834,0.000863718045930751,0.0491210533875097
"COPS5_CCDS6198.1_ex6_8:67971471-67971494:-_5-3","COPS5",-2.6223390432135,-0.0337333354236529,11.0972936043987,0.000864537934760142,0.0491361438405113
"NSA2_CCDS4025.1_ex3_5:74066473-74066496:+_5-4","NSA2",-2.46612436165075,0.754401974639434,11.0929575487387,0.000866561713357655,0.0492195943421592
"TOP3A_CCDS11194.1_ex7_17:18194239-18194262:+_5-1","TOP3A",-1.87976403091176,2.32527588179917,11.0794187423989,0.000872911587977512,0.0495484972225083
"EIF2B3_CCDS517.1_ex9_1:45444109-45444132:-_5-5","EIF2B3",-3.1162939814148,0.0559681169261145,11.0711043619006,0.000876834430314989,0.0497302392519318
"CRCP_CCDS47599.1_ex3_7:65610480-65610503:-_14-11","CRCP",-1.76053395722856,3.11377331180069,11.0702555822695,0.000877235897690555,0.0497302392519318
"HNRNPA1L2_CCDS31980.1_ex0_13:53216737-53216760:+_4-1","HNRNPA1L2",-2.78721437295627,0.998848589636262,11.0666090134688,0.000878962816654239,0.0497962783455662
"CC2D2A_CCDS47027.2_ex2_4:15480849-15480872:-_13-3","CC2D2A",-2.26604145906617,1.10126568161059,11.0631559875278,0.000880601246544028,0.0498065678786331
"UBA52_CCDS12382.1_ex1_19:18684536-18684559:+_5-3","UBA52",-3.16272051940314,-0.639408575357921,11.0628757300777,0.00088073436157414,0.0498065678786331
"LUC7L3_CCDS11573.1_ex6_17:48822098-48822121:-_5-5","LUC7L3",-2.32467131284149,1.17612010032568,11.0626727649771,0.000880830777439655,0.0498065678786331
"HINT2_CCDS6594.1_ex2_9:35813499-35813522:+_5-2","HINT2",-1.22175629329923,3.84254383273632,11.0587757112781,0.000882684091434177,0.0498795322739902
"CCT8_CCDS33528.1_ex8_21:30437409-30437432:+_5-3","CCT8",-3.02222132211916,0.275859822798247,11.0545258456108,0.000884709685238827,0.0499468310639884
"GRPEL1_CCDS3396.1_ex0_4:7062916-7062939:+_5-2","GRPEL1",-1.75473477470518,2.34525592680141,11.0539124689973,0.000885002423881698,0.0499468310639884
